to_date,last_name,first_name,birth_date,emp_no,title
01/01/9999,Morton,Hilari,03/01/1965,10095,Senior Staff
01/01/9999,Esposito,Ohad,19/01/1965,10122,Technique Leader
01/01/9999,Seghrouchni,Dipayan,23/01/1965,10291,Senior Staff
01/01/9999,Iisaka,Kokou,01/01/1965,10476,Senior Staff
01/01/9999,Noriega,Teunis,09/01/1965,10663,Technique Leader
01/01/9999,Himler,Lech,19/01/1965,10762,Senior Staff
01/01/9999,Seghrouchni,Juyoung,24/01/1965,10933,Senior Engineer
01/01/9999,Glinert,Keiichiro,21/01/1965,12155,Engineer
01/01/9999,Sudkamp,Rasiah,10/01/1965,12408,Senior Engineer
01/01/9999,Schurmann,Morrie,30/01/1965,12643,Staff
01/01/9999,Sidou,Kazuhiko,16/01/1965,13499,Technique Leader
01/01/9999,Tchuente,Denny,03/01/1965,14075,Assistant Engineer
01/01/9999,Demian,Sudhanshu,03/01/1965,14104,Senior Staff
01/01/9999,Cannard,Magdalena,10/01/1965,14127,Engineer
01/01/9999,Setiz,Caolyn,22/01/1965,14158,Senior Staff
01/01/9999,Marrevee,Sastry,19/01/1965,14476,Engineer
01/01/9999,Luga,Nakhoon,14/01/1965,14907,Senior Staff
01/01/9999,Kruskal,Nikolaos,18/01/1965,15050,Engineer
01/01/9999,Bugrara,Bouchung,30/01/1965,15058,Senior Staff
01/01/9999,Rabejac,Arvin,17/01/1965,15413,Engineer
01/01/9999,Schahn,Remmert,14/01/1965,16461,Senior Staff
01/01/9999,Swick,Gaurav,21/01/1965,16528,Assistant Engineer
01/01/9999,Garigliano,Morris,15/01/1965,17013,Senior Staff
01/01/9999,DeMori,Berry,02/01/1965,17206,Engineer
01/01/9999,Kenevan,Yaghout,31/01/1965,17369,Engineer
01/01/9999,Boreale,Zengping,11/01/1965,17447,Staff
01/01/9999,Roison,Gennady,16/01/1965,17731,Assistant Engineer
01/01/9999,Carrere,Filipp,06/01/1965,17970,Technique Leader
01/01/9999,Calkin,Mabhin,31/01/1965,17988,Engineer
01/01/9999,Matzke,Adil,07/01/1965,18021,Engineer
01/01/9999,Rousseau,Filipp,19/01/1965,18424,Engineer
01/01/9999,Honglei,Stafford,03/01/1965,18583,Staff
01/01/9999,Crouzet,Surveyors,21/01/1965,18617,Senior Staff
01/01/9999,Jarecki,Taiji,09/01/1965,18810,Engineer
01/01/9999,Morris,Elzbieta,24/01/1965,19236,Engineer
01/01/9999,Yoshizawa,Satoru,19/01/1965,19350,Senior Staff
01/01/9999,Kowalchuk,Ziva,30/01/1965,19803,Engineer
01/01/9999,Heuter,Utz,18/01/1965,20100,Senior Staff
01/01/9999,Peak,Kazunori,23/01/1965,20128,Senior Staff
01/01/9999,Skafidas,Rafael,10/01/1965,20129,Engineer
01/01/9999,Demri,Vidar,12/01/1965,20248,Staff
01/01/9999,Benveniste,Candida,24/01/1965,20313,Engineer
01/01/9999,Trystram,Christoph,30/01/1965,20500,Senior Staff
01/01/9999,Rothenberg,Otmar,21/01/1965,20885,Engineer
01/01/9999,Cangellaris,Jianhui,21/01/1965,21181,Assistant Engineer
01/01/9999,Danecki,Piyush,21/01/1965,21188,Engineer
01/01/9999,Lanteri,Yongmin,01/01/1965,21546,Senior Staff
01/01/9999,Azadmanesh,Karsten,09/01/1965,21843,Senior Engineer
01/01/9999,Brizzi,Mohammed,04/01/1965,21909,Senior Staff
01/01/9999,Birch,Huai,29/01/1965,22185,Assistant Engineer
01/01/9999,Jumpertz,Perla,20/01/1965,22415,Senior Staff
01/01/9999,Bresenham,Jasminko,27/01/1965,22451,Senior Staff
01/01/9999,Unno,Barry,06/01/1965,22455,Senior Staff
01/01/9999,Genther,Manibrata,01/01/1965,22926,Engineer
01/01/9999,Fairtlough,Hilari,02/01/1965,23396,Technique Leader
01/01/9999,Perez,Jaana,26/01/1965,24080,Technique Leader
01/01/9999,Rubsam,Roddy,25/01/1965,24205,Senior Engineer
01/01/9999,Wroclawski,Lubomir,25/01/1965,24377,Engineer
01/01/9999,Conta,Zhonghui,04/01/1965,24394,Staff
01/01/9999,Passafiume,Anwar,12/01/1965,24553,Senior Staff
01/01/9999,Gischer,Cordelia,20/01/1965,24571,Engineer
01/01/9999,Basawa,Ingmar,19/01/1965,25488,Senior Staff
01/01/9999,Rodham,Nevin,28/01/1965,26629,Senior Staff
01/01/9999,Kalorkoti,Jiakeng,21/01/1965,26671,Engineer
01/01/9999,Dalphin,Zongyan,25/01/1965,26788,Engineer
01/01/9999,Krohm,Wanqing,19/01/1965,27331,Senior Staff
01/01/9999,Leppanen,Piyawadee,28/01/1965,27378,Senior Staff
01/01/9999,Kandlur,Shuji,25/01/1965,27620,Engineer
01/01/9999,Rosiles,Manu,28/01/1965,27686,Senior Staff
01/01/9999,Pezzoli,Falguni,15/01/1965,27699,Engineer
01/01/9999,Veldwijk,Tooru,27/01/1965,27767,Senior Staff
01/01/9999,Mitsuhashi,Xinglin,29/01/1965,28193,Engineer
01/01/9999,Sundgren,Chenxi,09/01/1965,28974,Senior Engineer
01/01/9999,Giveon,Tua,18/01/1965,28988,Technique Leader
01/01/9999,Thorensen,Xumin,06/01/1965,29130,Staff
01/01/9999,Calkin,Gilbert,14/01/1965,29265,Senior Staff
01/01/9999,Vidal,Satoru,30/01/1965,29380,Assistant Engineer
01/01/9999,Mersereau,Valery,22/01/1965,29418,Assistant Engineer
01/01/9999,Steenbeek,Kolar,17/01/1965,29679,Senior Engineer
01/01/9999,Hellwagner,Jouko,29/01/1965,29782,Senior Engineer
01/01/9999,Giarratana,Pranay,27/01/1965,29954,Senior Engineer
01/01/9999,Vecchio,Kousuke,24/01/1965,30007,Engineer
01/01/9999,Conta,Tetsushi,08/01/1965,30035,Senior Staff
01/01/9999,Skafidas,Mayuko,26/01/1965,30154,Technique Leader
01/01/9999,Potthoff,Leon,26/01/1965,30182,Engineer
01/01/9999,Avouris,Randi,28/01/1965,30465,Engineer
01/01/9999,Chvatal,Sailaja,11/01/1965,30484,Staff
01/01/9999,Majewski,Gudjon,08/01/1965,30695,Senior Engineer
01/01/9999,Samarati,Yakkov,06/01/1965,30938,Senior Staff
01/01/9999,Sidhu,Divine,04/01/1965,31147,Senior Staff
01/01/9999,Gist,Leandro,12/01/1965,31188,Technique Leader
01/01/9999,Dulin,Abdelwaheb,30/01/1965,31207,Senior Engineer
01/01/9999,Zultner,Oksana,01/01/1965,31341,Senior Staff
01/01/9999,Schapire,Harngdar,13/01/1965,31514,Engineer
01/01/9999,Lalonde,Mark,10/01/1965,31568,Staff
01/01/9999,Peek,Murthy,10/01/1965,31909,Engineer
01/01/9999,Peres,Terresa,08/01/1965,32347,Senior Staff
01/01/9999,Stanger,Atreye,17/01/1965,32552,Assistant Engineer
01/01/9999,Nannarelli,Ingmar,12/01/1965,32649,Senior Staff
01/01/9999,Maliniak,Radoslaw,16/01/1965,32714,Staff
01/01/9999,Melton,Tadahiko,23/01/1965,32844,Engineer
01/01/9999,Thorelli,Jessie,12/01/1965,33025,Senior Staff
01/01/9999,Fasbender,Steen,29/01/1965,33215,Technique Leader
01/01/9999,Collette,Anwar,15/01/1965,33722,Senior Engineer
01/01/9999,Sichman,Angel,08/01/1965,34077,Senior Staff
01/01/9999,Callaway,Kyoichi,05/01/1965,34261,Senior Staff
01/01/9999,Bauknecht,Chinhyun,31/01/1965,34446,Senior Engineer
01/01/9999,Foong,Naftaly,08/01/1965,34452,Engineer
01/01/9999,Kumaresan,Felicidad,28/01/1965,34505,Senior Staff
01/01/9999,Shigei,Erzsebet,10/01/1965,34533,Senior Engineer
01/01/9999,Kohling,Moni,16/01/1965,34780,Staff
01/01/9999,Babu,Ennio,27/01/1965,34788,Senior Engineer
01/01/9999,Stamatiou,Bokyung,12/01/1965,34936,Technique Leader
01/01/9999,Waschkowski,Jiang,04/01/1965,35044,Engineer
01/01/9999,Ashish,Leif,17/01/1965,35087,Senior Staff
01/01/9999,Peek,Chandrasekaran,31/01/1965,35441,Engineer
01/01/9999,Talmon,Ashish,30/01/1965,35642,Engineer
01/01/9999,Kusalik,Oscar,01/01/1965,35793,Senior Staff
01/01/9999,Oberman,Ulf,29/01/1965,35798,Senior Engineer
01/01/9999,Gladwell,Serif,21/01/1965,36521,Senior Staff
01/01/9999,Genin,Fen,02/01/1965,36626,Senior Staff
01/01/9999,Reinhard,Uma,04/01/1965,36733,Staff
01/01/9999,Levergood,Hailing,01/01/1965,36844,Staff
01/01/9999,Rajala,Kotesh,22/01/1965,36982,Engineer
01/01/9999,Undy,Jeong,22/01/1965,37070,Senior Staff
01/01/9999,Butterworth,Suzette,02/01/1965,37945,Senior Engineer
01/01/9999,Randi,Michaela,05/01/1965,38043,Engineer
01/01/9999,Babu,Masasuke,12/01/1965,38103,Engineer
01/01/9999,Deverell,Fumiko,14/01/1965,38168,Senior Staff
01/01/9999,Baez,JoAnne,14/01/1965,38550,Senior Engineer
01/01/9999,Orsini,Huei,14/01/1965,38593,Engineer
01/01/9999,Ruemmler,Shuichi,25/01/1965,38947,Senior Staff
01/01/9999,Vendrig,Martijn,08/01/1965,39000,Senior Staff
01/01/9999,Cappelli,Changho,08/01/1965,39036,Staff
01/01/9999,Kawashima,Rimon,07/01/1965,39301,Senior Staff
01/01/9999,Lampe,Mahmut,01/01/1965,39341,Engineer
01/01/9999,Sudbeck,Otmar,02/01/1965,39952,Staff
01/01/9999,Ghazalie,Toshiki,10/01/1965,40269,Senior Staff
01/01/9999,Boissier,Sudhanshu,07/01/1965,40283,Engineer
01/01/9999,Felder,Spyrose,20/01/1965,40301,Senior Engineer
01/01/9999,Bernardinello,Harngdar,20/01/1965,40536,Engineer
01/01/9999,Ramsak,Michaela,01/01/1965,40765,Senior Staff
01/01/9999,Aingworth,Shimshon,09/01/1965,40773,Senior Staff
01/01/9999,Cherinka,Marla,17/01/1965,40983,Technique Leader
01/01/9999,Thummel,Petter,25/01/1965,41114,Technique Leader
01/01/9999,Buchter,Bikash,20/01/1965,41137,Senior Staff
01/01/9999,Vernadat,Willard,06/01/1965,41357,Engineer
01/01/9999,Schapiro,Keung,11/01/1965,41518,Senior Engineer
01/01/9999,Uhrik,Xiong,20/01/1965,41520,Senior Engineer
01/01/9999,Simmen,Yucai,04/01/1965,41609,Senior Staff
01/01/9999,Remmers,Shuji,19/01/1965,42778,Senior Staff
01/01/9999,Eterovic,Brigham,29/01/1965,42911,Engineer
01/01/9999,Eickenmeyer,Shaleah,22/01/1965,42950,Senior Staff
01/01/9999,Lortz,Yucel,12/01/1965,42955,Engineer
01/01/9999,Waterhouse,Maha,13/01/1965,43154,Senior Staff
01/01/9999,Boguraev,Huei,26/01/1965,43733,Senior Staff
01/01/9999,Oxenboll,Phillip,11/01/1965,43848,Engineer
01/01/9999,Ritcey,Alenka,18/01/1965,44054,Engineer
01/01/9999,Eppinger,Maria,24/01/1965,44265,Engineer
01/01/9999,Sadowski,Mingzeng,16/01/1965,44540,Senior Engineer
01/01/9999,Schwaller,Mark,05/01/1965,44900,Senior Staff
01/01/9999,Uhrik,Volkmar,21/01/1965,44959,Engineer
01/01/9999,Wynblatt,Sariel,16/01/1965,44962,Assistant Engineer
01/01/9999,Speel,Dulce,11/01/1965,45162,Engineer
01/01/9999,Penn,Zhaofang,26/01/1965,46000,Senior Staff
01/01/9999,Trogemann,Wuxu,05/01/1965,46328,Senior Staff
01/01/9999,Berendt,Junsik,10/01/1965,46811,Senior Engineer
01/01/9999,Daescu,Tooru,22/01/1965,46834,Senior Staff
01/01/9999,Maraist,Pasqua,31/01/1965,46943,Engineer
01/01/9999,Litecky,Toong,03/01/1965,47016,Senior Staff
01/01/9999,Usdin,Marco,25/01/1965,47139,Engineer
01/01/9999,Binkley,Gonzalo,10/01/1965,47262,Engineer
01/01/9999,Jenevein,Naraig,26/01/1965,47515,Senior Engineer
01/01/9999,Vieri,Juyoung,21/01/1965,47702,Senior Staff
01/01/9999,Haldar,Edwin,05/01/1965,47708,Senior Staff
01/01/9999,Massonet,Sariel,29/01/1965,48275,Senior Staff
01/01/9999,Schaap,Hitomi,12/01/1965,48690,Staff
01/01/9999,Lamparter,Leen,28/01/1965,48882,Engineer
01/01/9999,Malabarba,Yuichiro,23/01/1965,48904,Senior Staff
01/01/9999,Akaboshi,Filipp,05/01/1965,48947,Senior Staff
01/01/9999,Benantar,Kazuhisa,16/01/1965,49010,Senior Staff
01/01/9999,Flanders,Filipp,07/01/1965,49017,Engineer
01/01/9999,Peek,Lena,09/01/1965,49119,Engineer
01/01/9999,Bach,Tze,03/01/1965,49177,Engineer
01/01/9999,Cappelletti,Siddarth,14/01/1965,49464,Staff
01/01/9999,Leaver,Baocai,14/01/1965,49477,Senior Staff
01/01/9999,Rindone,Xinan,26/01/1965,50293,Engineer
01/01/9999,Stafford,Mooi,24/01/1965,50311,Senior Engineer
01/01/9999,Harbusch,Aron,12/01/1965,50453,Staff
01/01/9999,Snedden,Boguslaw,30/01/1965,50670,Senior Staff
01/01/9999,Khalid,Marie,06/01/1965,50831,Senior Engineer
01/01/9999,Fasbender,Chriss,29/01/1965,51036,Staff
01/01/9999,Albarhamtoshy,Theirry,29/01/1965,51057,Senior Staff
01/01/9999,Rohrbach,Youngkon,15/01/1965,51060,Engineer
01/01/9999,Lakshmanan,Rosine,29/01/1965,51142,Engineer
01/01/9999,Armand,Chikako,13/01/1965,52038,Senior Engineer
01/01/9999,Heijenga,Phule,14/01/1965,52040,Senior Staff
01/01/9999,Krupka,Trygve,20/01/1965,52283,Senior Staff
01/01/9999,Denti,Adas,28/01/1965,52386,Senior Staff
01/01/9999,Munoz,Jouni,21/01/1965,52590,Senior Staff
01/01/9999,Mungall,Augustine,25/01/1965,52599,Engineer
01/01/9999,Colorni,Arup,09/01/1965,52639,Senior Staff
01/01/9999,Yurek,Shugo,31/01/1965,52770,Senior Staff
01/01/9999,Penn,Alain,15/01/1965,52778,Technique Leader
01/01/9999,Picci,Khalil,31/01/1965,52956,Engineer
01/01/9999,Werthner,Lobel,22/01/1965,52970,Engineer
01/01/9999,Lortz,Premsyl,31/01/1965,53278,Senior Staff
01/01/9999,Carrera,Eberhardt,06/01/1965,53314,Staff
01/01/9999,Vasanthakumar,Sham,12/01/1965,53431,Senior Staff
01/01/9999,Mandelberg,Zdislav,20/01/1965,53499,Engineer
01/01/9999,Marchegay,Jiafu,30/01/1965,53597,Engineer
01/01/9999,Schade,Bodo,23/01/1965,53874,Senior Staff
01/01/9999,Gaughan,Arnould,27/01/1965,53924,Engineer
01/01/9999,Segond,Shaowen,01/01/1965,54198,Engineer
01/01/9999,Serot,Etsuo,19/01/1965,54632,Senior Staff
01/01/9999,Nergos,Sumant,29/01/1965,54795,Senior Staff
01/01/9999,Cangellaris,Breannda,13/01/1965,54800,Staff
01/01/9999,Syrotiuk,Adit,25/01/1965,55640,Engineer
01/01/9999,Lindqvist,Shih,02/01/1965,55687,Senior Engineer
01/01/9999,Litzler,Jianwen,23/01/1965,55799,Engineer
01/01/9999,Scallan,Adin,18/01/1965,55857,Senior Staff
01/01/9999,Remmers,Makato,11/01/1965,56105,Engineer
01/01/9999,Douceur,Remzi,19/01/1965,56209,Engineer
01/01/9999,Nivat,Sigeru,30/01/1965,56415,Senior Staff
01/01/9999,Hanabata,Olivera,27/01/1965,56428,Senior Staff
01/01/9999,Picco,Roded,28/01/1965,56682,Assistant Engineer
01/01/9999,Gruenwald,Nagui,09/01/1965,56829,Engineer
01/01/9999,Chinin,Menkae,14/01/1965,56847,Senior Engineer
01/01/9999,Boudaillier,Sanjoy,25/01/1965,57934,Engineer
01/01/9999,Karner,Bezalel,05/01/1965,58141,Staff
01/01/9999,Sullins,Shigenori,09/01/1965,58147,Senior Staff
01/01/9999,Vural,Mariusz,22/01/1965,58384,Engineer
01/01/9999,Zambonelli,Ziya,25/01/1965,58454,Engineer
01/01/9999,Cairo,Yechiam,22/01/1965,58497,Senior Staff
01/01/9999,Liesche,Gennady,04/01/1965,58819,Senior Staff
01/01/9999,Trelles,Palash,04/01/1965,58990,Engineer
01/01/9999,Pollock,Ronnie,08/01/1965,59195,Technique Leader
01/01/9999,Hiltgen,Zita,18/01/1965,59640,Staff
01/01/9999,Riefers,Zsolt,01/02/1965,59869,Senior Staff
01/01/9999,Salvesen,Steen,28/01/1965,59966,Technique Leader
01/01/9999,Emmart,Heekeun,16/01/1965,60000,Assistant Engineer
01/01/9999,Bade,Surveyors,01/02/1965,60091,Senior Staff
01/01/9999,Claffy,Erzsebet,23/01/1965,60238,Staff
01/01/9999,Stemann,Jeanna,19/01/1965,60559,Engineer
01/01/9999,Mersereau,Moty,02/01/1965,60821,Senior Staff
01/01/9999,Siegrist,Bedir,14/01/1965,60845,Engineer
01/01/9999,Masaki,Rildo,21/01/1965,60875,Engineer
01/01/9999,Sridhar,Tetsushi,09/01/1965,60959,Senior Staff
01/01/9999,Werthner,Leszek,30/01/1965,61147,Staff
01/01/9999,Uhrik,Cheong,09/01/1965,61253,Engineer
01/01/9999,Ohori,Dannz,01/01/1965,61377,Senior Staff
01/01/9999,Papsdorf,Kasidit,08/01/1965,61541,Engineer
01/01/9999,Rusmann,Woody,19/01/1965,61873,Assistant Engineer
01/01/9999,Cappelli,Heeju,24/01/1965,62033,Engineer
01/01/9999,Nanard,Karlis,31/01/1965,62046,Engineer
01/01/9999,Bressoud,Adel,01/01/1965,62245,Engineer
01/01/9999,Tanemo,Tetsushi,23/01/1965,63294,Engineer
01/01/9999,Seuren,Hiroyasu,14/01/1965,63419,Senior Engineer
01/01/9999,Scallan,Hinrich,15/01/1965,63441,Staff
01/01/9999,Slaats,Heekeun,31/01/1965,63566,Senior Staff
01/01/9999,Cherinka,Falguni,22/01/1965,63631,Senior Engineer
01/01/9999,Itzigehl,Sedat,26/01/1965,63706,Engineer
01/01/9999,Benzmuller,Laurentiu,11/01/1965,64023,Senior Engineer
01/01/9999,Schoegge,Golgen,24/01/1965,64209,Senior Staff
01/01/9999,Rebaine,Tsutomu,27/01/1965,64487,Engineer
01/01/9999,Segond,Atilio,23/01/1965,64532,Engineer
01/01/9999,Brender,Zsolt,07/01/1965,64632,Senior Staff
01/01/9999,Piveteau,Shin,29/01/1965,64790,Engineer
01/01/9999,Pappas,Krister,27/01/1965,64828,Staff
01/01/9999,Eldridge,Eldridge,06/01/1965,64984,Engineer
01/01/9999,Tasistro,Jeane,25/01/1965,65171,Technique Leader
01/01/9999,Picaronny,Aksel,23/01/1965,65539,Engineer
01/01/9999,Pepe,Patricia,07/01/1965,65883,Senior Staff
01/01/9999,Alameldin,Mandell,09/01/1965,65998,Senior Staff
01/01/9999,Candan,Domenico,04/01/1965,66382,Engineer
01/01/9999,Leaver,Dung,29/01/1965,66530,Staff
01/01/9999,Tomescu,Jianhao,18/01/1965,66643,Engineer
01/01/9999,Thibadeau,Deniz,01/02/1965,66702,Engineer
01/01/9999,Baig,Yonghong,16/01/1965,66757,Staff
01/01/9999,Rosaz,Aiman,21/01/1965,66807,Engineer
01/01/9999,Lorys,Sadok,18/01/1965,67320,Senior Staff
01/01/9999,Roohalamini,Fumitaka,11/01/1965,67548,Staff
01/01/9999,Gargeya,Aiman,07/01/1965,67934,Engineer
01/01/9999,Debuse,Munenori,27/01/1965,68416,Senior Engineer
01/01/9999,Seghrouchni,Yucai,26/01/1965,68608,Engineer
01/01/9999,Rassart,Chinhyun,28/01/1965,68633,Senior Engineer
01/01/9999,DiGiano,Jaques,25/01/1965,68648,Technique Leader
01/01/9999,Shrader,Shietung,26/01/1965,69052,Senior Staff
01/01/9999,Redmiles,Shuky,09/01/1965,69219,Senior Staff
01/01/9999,Rothe,Miyeon,22/01/1965,69867,Senior Staff
01/01/9999,Cooke,Chinya,24/01/1965,69878,Engineer
01/01/9999,Unni,Lalit,23/01/1965,69936,Assistant Engineer
01/01/9999,Miyakawa,Tru,12/01/1965,70469,Senior Staff
01/01/9999,Nitta,Arumugam,22/01/1965,70990,Senior Engineer
01/01/9999,Basart,Domenick,27/01/1965,71066,Senior Staff
01/01/9999,Vitiello,Sajjad,02/01/1965,71141,Senior Staff
01/01/9999,Schapiro,Pranjal,02/01/1965,71188,Senior Staff
01/01/9999,Buchter,Kinh,10/01/1965,71243,Engineer
01/01/9999,Peck,Cathie,15/01/1965,71334,Engineer
01/01/9999,Olano,Kristinn,01/01/1965,71685,Senior Engineer
01/01/9999,Takanami,Hitomi,31/01/1965,71710,Assistant Engineer
01/01/9999,Laventhal,Adil,02/01/1965,71745,Assistant Engineer
01/01/9999,Waeselynck,Sajjad,19/01/1965,72190,Engineer
01/01/9999,Siepmann,Feiyu,26/01/1965,72194,Senior Engineer
01/01/9999,Veldwijk,Naraig,10/01/1965,72232,Engineer
01/01/9999,Hutton,Honglan,24/01/1965,72640,Engineer
01/01/9999,Szilard,Takahira,22/01/1965,72918,Senior Staff
01/01/9999,Feldhoffer,Froduald,22/01/1965,73076,Senior Engineer
01/01/9999,Merey,Shigeo,15/01/1965,73233,Senior Engineer
01/01/9999,Badache,Qingxiang,14/01/1965,73516,Engineer
01/01/9999,Bernardeschi,Anneke,15/01/1965,73743,Engineer
01/01/9999,Weiland,Holgard,16/01/1965,74200,Senior Engineer
01/01/9999,Provine,Hiroyasu,01/02/1965,74344,Engineer
01/01/9999,Bonifati,Masako,01/01/1965,74668,Senior Staff
01/01/9999,Conde,Yuuichi,25/01/1965,74800,Assistant Engineer
01/01/9999,Jakobus,Shuky,11/01/1965,75354,Engineer
01/01/9999,Erman,Kyoichi,08/01/1965,75703,Engineer
01/01/9999,Hinsberger,Kolar,02/01/1965,76189,Engineer
01/01/9999,Preusig,Arif,10/01/1965,76201,Senior Engineer
01/01/9999,Mitsuhashi,Tristan,02/01/1965,76640,Engineer
01/01/9999,Garnham,Faiza,02/01/1965,77030,Technique Leader
01/01/9999,Birge,Xinglin,18/01/1965,77303,Senior Staff
01/01/9999,Schaaf,Niranjan,07/01/1965,77647,Technique Leader
01/01/9999,Picaronny,Ronghao,21/01/1965,77815,Assistant Engineer
01/01/9999,Ratnaker,Ashish,09/01/1965,78106,Senior Staff
01/01/9999,Fritzsche,Susumu,03/01/1965,78363,Engineer
01/01/9999,Cappelli,Leucio,28/01/1965,78469,Staff
01/01/9999,Ghandeharizadeh,Conor,15/01/1965,78871,Senior Engineer
01/01/9999,Hockney,Katsuo,24/01/1965,79043,Technique Leader
01/01/9999,Ellozy,Guiseppe,19/01/1965,79171,Senior Engineer
01/01/9999,Cunliffe,Jeong,24/01/1965,79310,Senior Staff
01/01/9999,Peir,Arnd,03/01/1965,79606,Senior Engineer
01/01/9999,Barreiro,Sanjoy,20/01/1965,79763,Senior Staff
01/01/9999,Murtagh,Fei,30/01/1965,79895,Senior Staff
01/01/9999,Weiland,Kazuhisa,19/01/1965,80067,Senior Staff
01/01/9999,Baik,Shakhar,22/01/1965,80203,Staff
01/01/9999,Figueira,Stella,17/01/1965,80432,Senior Staff
01/01/9999,Eldridge,Shaowen,25/01/1965,80731,Senior Staff
01/01/9999,Luit,Koldo,01/02/1965,80850,Engineer
01/01/9999,Linnainmaa,Shigeo,07/01/1965,80889,Senior Engineer
01/01/9999,Bardell,Harjit,27/01/1965,80948,Engineer
01/01/9999,Boissier,Jaewon,14/01/1965,81105,Engineer
01/01/9999,Kornyak,Larisa,13/01/1965,81545,Technique Leader
01/01/9999,Ghandeharizadeh,Divine,05/01/1965,81644,Staff
01/01/9999,Brender,Sreekrishna,10/01/1965,81995,Engineer
01/01/9999,Perfilyeva,Yechezkel,20/01/1965,82069,Engineer
01/01/9999,Wilharm,Poornachandra,25/01/1965,82098,Engineer
01/01/9999,Thambidurai,Stevo,26/01/1965,82351,Senior Staff
01/01/9999,Koblick,Uwe,27/01/1965,82511,Engineer
01/01/9999,Claffy,Shigeu,05/01/1965,82919,Engineer
01/01/9999,Rikino,Alselm,27/01/1965,82928,Engineer
01/01/9999,Ellozy,Francesca,07/01/1965,83280,Senior Engineer
01/01/9999,Engelmann,Shigeichiro,09/01/1965,83289,Engineer
01/01/9999,Collavizza,Breannda,04/01/1965,83509,Engineer
01/01/9999,Baak,Leaf,18/01/1965,83544,Senior Staff
01/01/9999,Kilgore,Ohad,27/01/1965,83714,Engineer
01/01/9999,Harllee,Manohar,23/01/1965,83805,Senior Engineer
01/01/9999,Hagimont,Zsolt,11/01/1965,83941,Senior Staff
01/01/9999,Eugenio,Babette,27/01/1965,84029,Staff
01/01/9999,Nanard,Shuichi,25/01/1965,84179,Senior Engineer
01/01/9999,Barriga,Eberhardt,18/01/1965,84236,Senior Staff
01/01/9999,Baumann,Kristina,23/01/1965,84315,Assistant Engineer
01/01/9999,Aumann,Shiv,20/01/1965,84451,Senior Engineer
01/01/9999,Vidya,Tommaso,17/01/1965,84508,Engineer
01/01/9999,Neimat,Sverrir,14/01/1965,84840,Staff
01/01/9999,Unno,Parke,22/01/1965,84922,Engineer
01/01/9999,Fujisaki,Shin,15/01/1965,84942,Technique Leader
01/01/9999,Rosiles,Ferdinand,18/01/1965,85216,Senior Staff
01/01/9999,Luders,Younwoo,06/01/1965,85288,Engineer
01/01/9999,Callaway,Chiradeep,14/01/1965,85414,Staff
01/01/9999,Pollock,Yongdong,09/01/1965,85445,Staff
01/01/9999,Merks,Udi,04/01/1965,85702,Engineer
01/01/9999,Taubman,Pasqua,30/01/1965,85874,Senior Staff
01/01/9999,Clemencon,Kristine,28/01/1965,86213,Senior Staff
01/01/9999,Segond,Ronghao,27/01/1965,86354,Senior Engineer
01/01/9999,Thummel,Jaewon,01/02/1965,86422,Senior Staff
01/01/9999,Woycyznski,Oldrich,09/01/1965,86546,Engineer
01/01/9999,Lorys,Zhenhua,01/01/1965,86655,Engineer
01/01/9999,Anido,JoAnne,15/01/1965,86672,Staff
01/01/9999,Neiman,Keung,16/01/1965,87129,Staff
01/01/9999,Coombs,Quingbo,07/01/1965,87353,Senior Engineer
01/01/9999,Janetzko,Khun,16/01/1965,87714,Assistant Engineer
01/01/9999,Roccetti,Yongmin,24/01/1965,87729,Senior Staff
01/01/9999,Thorensen,Conor,26/01/1965,87783,Senior Engineer
01/01/9999,Bresenham,Goo,09/01/1965,88103,Senior Staff
01/01/9999,Cannane,Lena,31/01/1965,88411,Engineer
01/01/9999,Birsak,Jungsoon,28/01/1965,88422,Technique Leader
01/01/9999,Ratnaker,Vasiliy,10/01/1965,88647,Engineer
01/01/9999,Coombs,Vojin,22/01/1965,88958,Senior Staff
01/01/9999,Hedayat,Mang,20/01/1965,88965,Engineer
01/01/9999,Birjandi,Otmar,24/01/1965,89048,Engineer
01/01/9999,Theuretzbacher,Tetsushi,26/01/1965,89090,Senior Staff
01/01/9999,Yetto,Conal,07/01/1965,89161,Senior Staff
01/01/9999,Erol,Along,15/01/1965,89207,Senior Staff
01/01/9999,Comyn,Mansur,13/01/1965,89346,Engineer
01/01/9999,Rothenberg,Guther,27/01/1965,89590,Senior Staff
01/01/9999,Rossi,Pranjal,20/01/1965,89664,Staff
01/01/9999,Mawatari,Aiman,27/01/1965,89680,Engineer
01/01/9999,Shinomoto,Xiadong,27/01/1965,89806,Engineer
01/01/9999,Ibel,Alexius,26/01/1965,89922,Engineer
01/01/9999,Weedman,Arnould,23/01/1965,89941,Senior Staff
01/01/9999,Guerreiro,Vivian,24/01/1965,90077,Assistant Engineer
01/01/9999,Bale,Renny,01/01/1965,90084,Engineer
01/01/9999,Denis,Bader,15/01/1965,90211,Engineer
01/01/9999,Assaf,Koichi,09/01/1965,90292,Engineer
01/01/9999,Chepyzhov,Fumiko,24/01/1965,90518,Senior Staff
01/01/9999,Trogemann,Yonghoan,29/01/1965,90614,Assistant Engineer
01/01/9999,DasSarma,Rajmohan,03/01/1965,90692,Senior Staff
01/01/9999,Melter,Kazuhisa,19/01/1965,91172,Senior Staff
01/01/9999,Schwartzburd,Lucien,04/01/1965,91182,Engineer
01/01/9999,Hebden,Yahiko,01/01/1965,91229,Engineer
01/01/9999,Milicic,Gunilla,13/01/1965,91256,Staff
01/01/9999,Stafford,Lobel,27/01/1965,91333,Staff
01/01/9999,Nilsson,Jamaludin,04/01/1965,91415,Senior Staff
01/01/9999,Msuda,Dmitry,29/01/1965,91648,Senior Staff
01/01/9999,Kilgore,Aria,04/01/1965,92438,Engineer
01/01/9999,McFarlan,Visit,24/01/1965,92454,Engineer
01/01/9999,Farrow,Zhanqiu,06/01/1965,92577,Assistant Engineer
01/01/9999,Merro,Ranga,18/01/1965,92598,Assistant Engineer
01/01/9999,Atchley,Mang,26/01/1965,92685,Senior Staff
01/01/9999,Candan,Claude,22/01/1965,92841,Senior Staff
01/01/9999,Kropatsch,Anyuan,11/01/1965,92846,Senior Staff
01/01/9999,Hutter,Huei,20/01/1965,92920,Engineer
01/01/9999,Kabayashi,Jaques,19/01/1965,93040,Senior Engineer
01/01/9999,Walston,Richara,11/01/1965,93220,Senior Engineer
01/01/9999,Penn,Magdalena,01/02/1965,93278,Engineer
01/01/9999,Coullard,Arie,01/02/1965,93549,Senior Staff
01/01/9999,Neimat,Kristina,13/01/1965,93600,Technique Leader
01/01/9999,Cronau,Ramzi,26/01/1965,94331,Technique Leader
01/01/9999,Cesareni,Aran,01/01/1965,94416,Senior Staff
01/01/9999,Zaccaria,Hitofumi,27/01/1965,94761,Engineer
01/01/9999,Matheson,Heping,13/01/1965,94944,Engineer
01/01/9999,Cappelli,Yishai,28/01/1965,95181,Staff
01/01/9999,Guerreiro,Kristin,18/01/1965,95286,Engineer
01/01/9999,Koblick,Rasiah,22/01/1965,95314,Senior Staff
01/01/9999,Lyonns,Alair,08/01/1965,95406,Engineer
01/01/9999,Ramaiah,Gianluca,13/01/1965,95416,Engineer
01/01/9999,Loncour,Kristinn,11/01/1965,95509,Engineer
01/01/9999,Hegner,Nobuyoshi,19/01/1965,95920,Senior Staff
01/01/9999,Garrabrants,Kokou,13/01/1965,96571,Senior Engineer
01/01/9999,Tasistro,Mohan,18/01/1965,96579,Engineer
01/01/9999,Vecchio,Arumugam,07/01/1965,96767,Senior Engineer
01/01/9999,Chinen,Jeanna,09/01/1965,97018,Engineer
01/01/9999,Janetzko,Haldon,25/01/1965,97623,Senior Staff
01/01/9999,Hegner,Avishai,31/01/1965,97661,Senior Staff
01/01/9999,Huttel,Sumali,12/01/1965,98288,Senior Staff
01/01/9999,Kadhim,Ziya,16/01/1965,98306,Senior Engineer
01/01/9999,Assaf,Florina,29/01/1965,98639,Staff
01/01/9999,Reeken,Shugo,30/01/1965,99057,Staff
01/01/9999,Christianini,Xiaobin,13/01/1965,99373,Senior Staff
01/01/9999,Francisci,Carrsten,18/01/1965,99377,Senior Engineer
01/01/9999,Anily,Dhritiman,24/01/1965,99590,Staff
01/01/9999,Motley,Mahendra,30/01/1965,99654,Senior Staff
01/01/9999,Peral,Hisao,19/01/1965,100865,Engineer
01/01/9999,Aamodt,Heejo,18/01/1965,100916,Engineer
01/01/9999,Sury,Abdelaziz,14/01/1965,101487,Senior Staff
01/01/9999,Homond,Mori,22/01/1965,101647,Senior Staff
01/01/9999,Millington,Mantis,14/01/1965,101902,Senior Staff
01/01/9999,Templeman,Adin,03/01/1965,102620,Engineer
01/01/9999,Albarhamtoshy,Djenana,16/01/1965,103196,Senior Staff
01/01/9999,Swen,Visit,07/01/1965,103310,Senior Staff
01/01/9999,Peternell,Susanne,03/01/1965,103316,Engineer
01/01/9999,Hellwagner,Beshir,03/01/1965,103342,Engineer
01/01/9999,Halloran,Heping,31/01/1965,103756,Assistant Engineer
01/01/9999,Zyda,Pranjal,31/01/1965,104133,Senior Staff
01/01/9999,Lodder,Werner,29/01/1965,104845,Senior Staff
01/01/9999,Litzler,Parviz,07/01/1965,104988,Engineer
01/01/9999,Reeker,Kwun,01/01/1965,105342,Technique Leader
01/01/9999,Matzov,Diederik,29/01/1965,105356,Engineer
01/01/9999,Stafford,Mohamadou,08/01/1965,105432,Engineer
01/01/9999,Lienhardt,Haldun,01/01/1965,105520,Senior Staff
01/01/9999,Cromarty,Sachem,15/01/1965,105731,Assistant Engineer
01/01/9999,Schurmann,Naftali,14/01/1965,106096,Engineer
01/01/9999,Thisen,Nevio,01/02/1965,106242,Staff
01/01/9999,Garrabrants,Lijie,31/01/1965,106695,Senior Staff
01/01/9999,Anandan,Babette,31/01/1965,106710,Senior Staff
01/01/9999,Luiz,Siamak,23/01/1965,107486,Senior Engineer
01/01/9999,Chleq,Fabrizio,23/01/1965,107737,Senior Engineer
01/01/9999,Crooks,Shahab,13/01/1965,107792,Staff
01/01/9999,Walston,Ramya,26/01/1965,107828,Staff
01/01/9999,Ghemri,Hisao,09/01/1965,108091,Staff
01/01/9999,Samarati,Randi,24/01/1965,108198,Staff
01/01/9999,Stellhorn,Shai,02/01/1965,108316,Senior Engineer
01/01/9999,Baek,Oksana,19/01/1965,108988,Staff
01/01/9999,Kandlur,Jamaludin,01/02/1965,109062,Senior Engineer
01/01/9999,Delgrande,Gor,11/01/1965,109211,Senior Engineer
01/01/9999,Winter,Moty,15/01/1965,109252,Technique Leader
01/01/9999,Schach,Bangqing,21/01/1965,109278,Staff
01/01/9999,Etalle,Menkae,31/01/1965,109552,Assistant Engineer
01/01/9999,Auyong,Stamatina,01/02/1965,109598,Senior Staff
01/01/9999,Cannata,Mani,02/01/1965,109620,Staff
01/01/9999,Walston,Arco,17/01/1965,109703,Engineer
01/01/9999,Fadgyas,Hatem,11/01/1965,109741,Senior Engineer
01/01/9999,Chorvat,Godehard,26/01/1965,109953,Staff
01/01/9999,Luff,Chuanti,08/01/1965,200267,Senior Staff
01/01/9999,Fujisaki,Akemi,27/01/1965,200312,Senior Engineer
01/01/9999,Quaggetto,Kirk,10/01/1965,200363,Senior Engineer
01/01/9999,Denos,Dinah,09/01/1965,200735,Senior Staff
01/01/9999,Camurati,Susumu,14/01/1965,200789,Staff
01/01/9999,Khasidashvili,Alejandra,03/01/1965,201229,Staff
01/01/9999,Perl,Anneli,15/01/1965,201708,Senior Staff
01/01/9999,Kakkad,Fan,01/01/1965,201709,Staff
01/01/9999,Terekhov,Genta,16/01/1965,201739,Assistant Engineer
01/01/9999,Genin,Waiman,12/01/1965,201801,Senior Engineer
01/01/9999,DeMori,Sudharsan,02/01/1965,201915,Senior Engineer
01/01/9999,Schmiedel,Ortrun,16/01/1965,202291,Engineer
01/01/9999,Perko,Gully,09/01/1965,202403,Engineer
01/01/9999,Murthy,Zvonko,13/01/1965,202414,Senior Staff
01/01/9999,Saoudi,Morris,05/01/1965,202552,Senior Engineer
01/01/9999,Matzke,Kerhong,19/01/1965,202826,Engineer
01/01/9999,Koshino,Isaac,25/01/1965,202882,Senior Engineer
01/01/9999,Pietrzykowski,Giordano,17/01/1965,202950,Senior Staff
01/01/9999,Jonsson,Hugh,03/01/1965,203474,Staff
01/01/9999,Gips,Zongyan,02/01/1965,203495,Technique Leader
01/01/9999,DiGiano,Ewing,21/01/1965,203599,Technique Leader
01/01/9999,Thimonier,Sasan,30/01/1965,203720,Senior Staff
01/01/9999,Marwedel,Yefim,23/01/1965,203946,Senior Staff
01/01/9999,Nooteboom,Jessie,10/01/1965,204117,Staff
01/01/9999,Bergere,Susuma,22/01/1965,204133,Senior Staff
01/01/9999,Worfolk,Arve,09/01/1965,204246,Staff
01/01/9999,Huttel,Gretta,03/01/1965,204425,Senior Engineer
01/01/9999,Lichtner,Hein,22/01/1965,204470,Senior Staff
01/01/9999,Maginnis,Franziska,27/01/1965,204471,Engineer
01/01/9999,Mandelberg,Susanne,22/01/1965,204764,Senior Engineer
01/01/9999,Awdeh,Yahiko,26/01/1965,205018,Engineer
01/01/9999,Kornyak,Moni,23/01/1965,205085,Technique Leader
01/01/9999,Spinelli,Leszek,05/01/1965,205174,Staff
01/01/9999,Setiz,Mary,04/01/1965,205500,Senior Engineer
01/01/9999,Broder,Stabislas,21/01/1965,205627,Senior Engineer
01/01/9999,Barreiro,Kien,27/01/1965,205660,Staff
01/01/9999,Yetto,Youjian,31/01/1965,205699,Senior Staff
01/01/9999,Skafidas,Limsoon,31/01/1965,205789,Senior Staff
01/01/9999,Kusalik,Aiichiro,06/01/1965,205863,Senior Engineer
01/01/9999,Fabrizio,Yucai,07/01/1965,206748,Staff
01/01/9999,Pfau,Guadalupe,12/01/1965,206836,Senior Staff
01/01/9999,Sichman,Tzu,21/01/1965,206966,Engineer
01/01/9999,Akaboshi,Jacqueline,20/01/1965,207021,Engineer
01/01/9999,Ariola,Zhiguo,13/01/1965,207068,Senior Staff
01/01/9999,Schrooten,Kellie,25/01/1965,207204,Assistant Engineer
01/01/9999,Barbanera,Shuji,04/01/1965,207401,Senior Staff
01/01/9999,Falck,Baziley,15/01/1965,207551,Assistant Engineer
01/01/9999,Kamble,Chinya,16/01/1965,207779,Senior Staff
01/01/9999,Vieth,Remko,07/01/1965,207980,Senior Staff
01/01/9999,Rothenberg,Manu,09/01/1965,208147,Senior Engineer
01/01/9999,Flanders,Shen,11/01/1965,208330,Staff
01/01/9999,Lukaszewicz,Larisa,27/01/1965,208639,Staff
01/01/9999,Schade,Phillip,23/01/1965,208653,Engineer
01/01/9999,Juneja,Pranjal,30/01/1965,208784,Senior Engineer
01/01/9999,Edelhoff,Xinyu,05/01/1965,209101,Senior Engineer
01/01/9999,Garnier,Krassimir,19/01/1965,209443,Senior Staff
01/01/9999,Covnot,Dante,09/01/1965,209565,Senior Staff
01/01/9999,Baak,Nimmagadda,17/01/1965,209712,Assistant Engineer
01/01/9999,Lovengreen,Shalesh,28/01/1965,210017,Senior Staff
01/01/9999,Zeilberger,Lihong,18/01/1965,210292,Staff
01/01/9999,Lagarias,Gino,19/01/1965,210449,Engineer
01/01/9999,Stenning,Saniya,25/01/1965,210752,Senior Staff
01/01/9999,Ranze,Werner,31/01/1965,210786,Staff
01/01/9999,Ratnaker,Domenico,08/01/1965,211858,Engineer
01/01/9999,Ranze,Gao,12/01/1965,211879,Senior Engineer
01/01/9999,Bain,Anwar,07/01/1965,211967,Engineer
01/01/9999,Henders,Leni,11/01/1965,212093,Senior Staff
01/01/9999,Holburn,Sailaja,17/01/1965,212154,Senior Staff
01/01/9999,Stanfel,Claudi,16/01/1965,212361,Engineer
01/01/9999,Fontan,Yongmao,22/01/1965,213016,Engineer
01/01/9999,Danecki,Tru,10/01/1965,213140,Staff
01/01/9999,Narwekar,Pranas,04/01/1965,213384,Engineer
01/01/9999,Perly,Armond,01/02/1965,213447,Senior Engineer
01/01/9999,Cardazo,Xiaoqiang,25/01/1965,214215,Senior Staff
01/01/9999,Klassen,Rayond,15/01/1965,214391,Senior Staff
01/01/9999,Molberg,Peer,29/01/1965,214427,Engineer
01/01/9999,Kohling,Ingmar,27/01/1965,214539,Engineer
01/01/9999,Vickson,Shirish,12/01/1965,214634,Senior Engineer
01/01/9999,Chepyzhov,Arfst,28/01/1965,214789,Engineer
01/01/9999,Angel,Gopalakrishnan,01/02/1965,214866,Senior Engineer
01/01/9999,Hoppenstand,Dinkar,12/01/1965,214995,Engineer
01/01/9999,Kroha,Flemming,16/01/1965,215419,Staff
01/01/9999,Manders,Munehiro,15/01/1965,215629,Staff
01/01/9999,Speer,Sven,08/01/1965,215746,Staff
01/01/9999,Loncour,Pramod,30/01/1965,215843,Staff
01/01/9999,Angiulli,Sahrah,24/01/1965,216054,Staff
01/01/9999,Cromarty,Aiichiro,22/01/1965,216342,Senior Engineer
01/01/9999,Gustavson,Byong,16/01/1965,216375,Senior Engineer
01/01/9999,Suermann,Xiaocheng,26/01/1965,216502,Engineer
01/01/9999,Vidya,Ashish,29/01/1965,216573,Engineer
01/01/9999,Lenart,Lena,22/01/1965,216921,Staff
01/01/9999,Engberts,Otmar,11/01/1965,217026,Staff
01/01/9999,Puoti,Masami,12/01/1965,217080,Senior Engineer
01/01/9999,Eldridge,Yuchang,21/01/1965,217272,Staff
01/01/9999,Spelt,Yannik,05/01/1965,217286,Technique Leader
01/01/9999,Denis,Abdelwaheb,10/01/1965,217320,Engineer
01/01/9999,Marzano,Horward,14/01/1965,217363,Staff
01/01/9999,Molenaar,Jianhao,21/01/1965,217387,Senior Engineer
01/01/9999,Lukaszewicz,Panayotis,02/01/1965,217551,Engineer
01/01/9999,Servieres,Shay,01/02/1965,217800,Senior Staff
01/01/9999,Poupard,Mokhtar,26/01/1965,218022,Technique Leader
01/01/9999,Garnham,Jiong,24/01/1965,218100,Senior Staff
01/01/9999,DuBourdieux,Unal,16/01/1965,218831,Engineer
01/01/9999,Bierman,Kristine,18/01/1965,219035,Technique Leader
01/01/9999,Kusalik,Aemilian,30/01/1965,219047,Engineer
01/01/9999,Acton,Marsal,06/01/1965,219052,Staff
01/01/9999,Denna,Subhrajyoti,29/01/1965,219417,Staff
01/01/9999,Zastre,Moie,22/01/1965,219497,Technique Leader
01/01/9999,Reeken,Susanna,16/01/1965,219967,Senior Staff
01/01/9999,Asser,Demos,17/01/1965,220029,Senior Engineer
01/01/9999,Slaats,Reinhard,09/01/1965,220131,Senior Engineer
01/01/9999,Laventhal,Poorav,23/01/1965,220418,Staff
01/01/9999,Rabehasaina,Sibyl,06/01/1965,220528,Senior Staff
01/01/9999,Zielinski,Poornachandra,08/01/1965,220582,Staff
01/01/9999,Babb,Yuping,23/01/1965,220611,Staff
01/01/9999,Deville,Shigenori,25/01/1965,220625,Technique Leader
01/01/9999,Gyimothy,Nahid,07/01/1965,220699,Staff
01/01/9999,Orlowska,Perla,17/01/1965,220799,Senior Engineer
01/01/9999,dAstous,Tesuya,23/01/1965,221126,Engineer
01/01/9999,Farris,Saddek,13/01/1965,221367,Senior Staff
01/01/9999,Pocchiola,Abdulah,28/01/1965,221369,Engineer
01/01/9999,Marrevee,Djenana,06/01/1965,221435,Senior Engineer
01/01/9999,Kalefeld,Sangeeta,17/01/1965,221973,Senior Staff
01/01/9999,Uludag,Stein,21/01/1965,222206,Staff
01/01/9999,Billingsley,Miyeon,20/01/1965,222311,Senior Engineer
01/01/9999,Chvatal,Matt,20/01/1965,222319,Senior Engineer
01/01/9999,Schlumberger,Valdiodio,15/01/1965,222354,Engineer
01/01/9999,Schapire,Badri,01/02/1965,222616,Assistant Engineer
01/01/9999,Kushner,Kazuhiko,22/01/1965,222770,Senior Engineer
01/01/9999,Zallocco,Annemarie,10/01/1965,222878,Engineer
01/01/9999,Erol,Limsoon,10/01/1965,222926,Senior Engineer
01/01/9999,Suermann,Gopalakrishnan,28/01/1965,222952,Engineer
01/01/9999,Awdeh,Leaf,07/01/1965,222998,Senior Staff
01/01/9999,Moehrke,Hidefumi,20/01/1965,223593,Staff
01/01/9999,Dredge,Chiranjit,01/02/1965,223595,Technique Leader
01/01/9999,Bressoud,Annemarie,02/01/1965,224135,Engineer
01/01/9999,Chachaty,Perry,29/01/1965,224335,Engineer
01/01/9999,Shobatake,TRUE,24/01/1965,224390,Senior Staff
01/01/9999,Miake,George,05/01/1965,224934,Staff
01/01/9999,Quaggetto,Remmert,14/01/1965,225438,Staff
01/01/9999,Genin,Masasuke,13/01/1965,225601,Engineer
01/01/9999,Kieras,Ipke,08/01/1965,225788,Engineer
01/01/9999,Remmele,Ramalingam,26/01/1965,225867,Senior Engineer
01/01/9999,Cooman,Mooi,19/01/1965,225964,Engineer
01/01/9999,Gini,Giordano,28/01/1965,226216,Technique Leader
01/01/9999,Erva,Herbert,07/01/1965,226227,Engineer
01/01/9999,Murtha,Gio,12/01/1965,227354,Engineer
01/01/9999,Schnabel,Macha,11/01/1965,227476,Engineer
01/01/9999,Rousseau,Mikhail,30/01/1965,227681,Staff
01/01/9999,Luce,Garnik,23/01/1965,227899,Staff
01/01/9999,Azuma,Francesca,26/01/1965,227901,Senior Staff
01/01/9999,Kroll,IEEE,18/01/1965,228098,Engineer
01/01/9999,Plump,Yuriy,09/01/1965,228248,Senior Staff
01/01/9999,Brendel,Bilhanan,03/01/1965,228554,Senior Staff
01/01/9999,Smailagic,Nahla,11/01/1965,228766,Senior Engineer
01/01/9999,Yurek,Berry,08/01/1965,229098,Senior Staff
01/01/9999,Lichtman,Fabrizio,21/01/1965,229220,Engineer
01/01/9999,Terekhov,Harjit,27/01/1965,229248,Staff
01/01/9999,Tasistro,Pohua,03/01/1965,229386,Technique Leader
01/01/9999,Henseler,Paloma,15/01/1965,229391,Senior Engineer
01/01/9999,Kilgour,Gilbert,11/01/1965,229404,Staff
01/01/9999,Schach,Moni,03/01/1965,229547,Staff
01/01/9999,Millington,Ewing,23/01/1965,229727,Engineer
01/01/9999,Fordan,Jamaludin,19/01/1965,229981,Engineer
01/01/9999,Backhouse,Tadahiro,07/01/1965,230002,Senior Engineer
01/01/9999,Radivojevic,Bezalel,31/01/1965,230126,Senior Staff
01/01/9999,Alameldin,Renny,14/01/1965,230287,Assistant Engineer
01/01/9999,Lorho,Yinghua,31/01/1965,230354,Staff
01/01/9999,Puppo,Kolar,15/01/1965,230498,Engineer
01/01/9999,Negoita,Shahar,17/01/1965,230579,Senior Staff
01/01/9999,Crabtree,Dietrich,14/01/1965,230689,Senior Staff
01/01/9999,Brattka,Takushi,02/01/1965,230865,Staff
01/01/9999,Siksek,Trygve,22/01/1965,231069,Staff
01/01/9999,Pramanik,Nectarios,28/01/1965,231459,Assistant Engineer
01/01/9999,Pearson,Chandrasekaran,07/01/1965,231671,Staff
01/01/9999,Alvarado,Goetz,28/01/1965,231798,Senior Engineer
01/01/9999,Anandan,Etsuo,29/01/1965,232178,Staff
01/01/9999,Rouquie,Nitsan,11/01/1965,232209,Engineer
01/01/9999,Ramsak,Barry,23/01/1965,232697,Senior Engineer
01/01/9999,Bugrara,Tesuya,14/01/1965,232723,Engineer
01/01/9999,Gargeya,Alselm,20/01/1965,233114,Senior Engineer
01/01/9999,Lenart,Khalid,06/01/1965,233394,Engineer
01/01/9999,Sundgren,Fay,16/01/1965,233397,Staff
01/01/9999,Usery,Etsuo,12/01/1965,233426,Engineer
01/01/9999,Riefers,Cedric,17/01/1965,233690,Engineer
01/01/9999,Lodder,Zissis,14/01/1965,233759,Engineer
01/01/9999,Chachaty,Kotesh,20/01/1965,233765,Engineer
01/01/9999,Ballarin,Baziley,30/01/1965,233785,Senior Staff
01/01/9999,Heydon,Kellie,01/01/1965,233818,Engineer
01/01/9999,Terkki,Luerbio,07/01/1965,234195,Senior Staff
01/01/9999,Aamodt,Foong,31/01/1965,234739,Senior Engineer
01/01/9999,Dratva,Irena,17/01/1965,235017,Senior Staff
01/01/9999,Gyimothy,Sverrir,21/01/1965,235096,Senior Staff
01/01/9999,Prochazka,Gro,06/01/1965,235325,Engineer
01/01/9999,Joslin,Anneli,09/01/1965,235368,Senior Engineer
01/01/9999,Heuser,Gio,05/01/1965,235458,Senior Staff
01/01/9999,Anger,Henk,01/02/1965,235729,Senior Staff
01/01/9999,Bergere,Sampalli,17/01/1965,235780,Senior Engineer
01/01/9999,Spinelli,Jayesh,03/01/1965,235793,Senior Engineer
01/01/9999,Raczkowsky,IEEE,31/01/1965,236315,Technique Leader
01/01/9999,Maginnis,Yechezkel,17/01/1965,236566,Staff
01/01/9999,Reinhard,Insup,11/01/1965,236591,Senior Staff
01/01/9999,Rijckaert,Almudena,28/01/1965,236827,Senior Engineer
01/01/9999,Olivero,Huan,27/01/1965,236883,Staff
01/01/9999,Foote,Adel,17/01/1965,236964,Staff
01/01/9999,Frezza,Miomir,12/01/1965,238112,Technique Leader
01/01/9999,Suppi,Uno,09/01/1965,238252,Staff
01/01/9999,Angelov,Vishv,10/01/1965,238422,Senior Staff
01/01/9999,Cronin,Minghong,09/01/1965,238949,Senior Staff
01/01/9999,Pocchiola,Tadahiko,11/01/1965,239067,Staff
01/01/9999,Kitai,Abdulla,13/01/1965,239244,Senior Staff
01/01/9999,Brender,Susumu,01/01/1965,239415,Engineer
01/01/9999,Fairtlough,Vesna,08/01/1965,239426,Engineer
01/01/9999,Michaels,Sugwoo,04/01/1965,239664,Senior Engineer
01/01/9999,Bugrara,Arunas,15/01/1965,239706,Assistant Engineer
01/01/9999,Dusink,Bilhanan,23/01/1965,239748,Senior Staff
01/01/9999,Ernst,Oscal,30/01/1965,239803,Staff
01/01/9999,Kobara,Mizuhito,01/02/1965,240132,Staff
01/01/9999,Tischendorf,TRUE,24/01/1965,240236,Engineer
01/01/9999,Greenaway,Kolar,23/01/1965,240285,Staff
01/01/9999,Staylopatis,Mack,14/01/1965,240340,Engineer
01/01/9999,Cyre,Temple,02/01/1965,240438,Senior Staff
01/01/9999,Chorvat,Francesca,06/01/1965,240870,Senior Staff
01/01/9999,Molenaar,Cedric,23/01/1965,241100,Senior Engineer
01/01/9999,Anguita,Jagoda,15/01/1965,241254,Senior Engineer
01/01/9999,Lampe,Uri,29/01/1965,241292,Senior Staff
01/01/9999,Miara,Emran,18/01/1965,241567,Engineer
01/01/9999,Olivero,Atilio,28/01/1965,241667,Senior Engineer
01/01/9999,Boudaillier,Limsoon,30/01/1965,241728,Senior Engineer
01/01/9999,Fetvedt,Bluma,11/01/1965,241872,Staff
01/01/9999,Murrill,Herb,09/01/1965,242019,Senior Engineer
01/01/9999,Pargas,Tomokazu,12/01/1965,242081,Engineer
01/01/9999,Sudkamp,Richara,05/01/1965,242104,Staff
01/01/9999,Iisaku,Bingning,08/01/1965,242500,Senior Staff
01/01/9999,Levergood,Kazuyasu,11/01/1965,242800,Engineer
01/01/9999,Deverell,Bowen,02/01/1965,243018,Senior Staff
01/01/9999,Perz,Kazunori,01/02/1965,243077,Senior Engineer
01/01/9999,Lodder,Abdulah,04/01/1965,243576,Senior Staff
01/01/9999,Delgrange,Marjo,16/01/1965,243637,Staff
01/01/9999,Basawa,Arch,09/01/1965,243898,Staff
01/01/9999,Rebaine,Mokhtar,10/01/1965,244308,Senior Staff
01/01/9999,Suwa,Masoud,22/01/1965,244605,Staff
01/01/9999,Seuren,Boaz,31/01/1965,244624,Staff
01/01/9999,Butner,Rosli,25/01/1965,244711,Engineer
01/01/9999,Clouatre,Poorav,27/01/1965,244714,Senior Engineer
01/01/9999,Hertweck,Shigenori,15/01/1965,244820,Senior Engineer
01/01/9999,Oppitz,Arunachalam,04/01/1965,244873,Senior Staff
01/01/9999,Winter,Filipp,23/01/1965,245164,Senior Engineer
01/01/9999,Bottner,Gift,31/01/1965,245396,Senior Staff
01/01/9999,Kilgore,Manohar,18/01/1965,245664,Staff
01/01/9999,Melski,Zhongwei,30/01/1965,246146,Senior Engineer
01/01/9999,Casperson,George,09/01/1965,246244,Staff
01/01/9999,Tiemann,Alper,06/01/1965,246364,Engineer
01/01/9999,Czaja,Shuzo,04/01/1965,246764,Staff
01/01/9999,Strooper,Tianruo,09/01/1965,246798,Staff
01/01/9999,Shanbhogue,Shih,27/01/1965,246902,Staff
01/01/9999,Schahn,Seongbae,17/01/1965,247089,Senior Staff
01/01/9999,Narlikar,Xiaobin,23/01/1965,247122,Staff
01/01/9999,Bakhtari,Tzu,28/01/1965,247447,Senior Engineer
01/01/9999,Bahk,Masako,16/01/1965,247456,Engineer
01/01/9999,Constantine,Chiranjit,04/01/1965,247612,Engineer
01/01/9999,Anick,Xiong,02/01/1965,247875,Senior Staff
01/01/9999,Lagarias,Abdelghani,15/01/1965,247888,Engineer
01/01/9999,Falby,Sajjan,05/01/1965,248256,Staff
01/01/9999,Milicia,Jaana,01/02/1965,248351,Senior Staff
01/01/9999,Muhlberg,Snehasis,01/02/1965,248758,Senior Staff
01/01/9999,Sudbeck,Percy,29/01/1965,248953,Assistant Engineer
01/01/9999,Decleir,Hideyuki,21/01/1965,249239,Senior Engineer
01/01/9999,Pokrovskii,Ute,26/01/1965,249325,Staff
01/01/9999,Matzov,Ayonca,16/01/1965,249433,Engineer
01/01/9999,Velardi,Dmitry,07/01/1965,249504,Engineer
01/01/9999,Gaughan,Nechama,12/01/1965,249780,Senior Engineer
01/01/9999,Neimat,Jolita,04/01/1965,249799,Senior Engineer
01/01/9999,Gubsky,Steen,15/01/1965,249866,Senior Staff
01/01/9999,Luiz,Georgi,21/01/1965,249969,Senior Engineer
01/01/9999,Sommen,Ranga,27/01/1965,250411,Staff
01/01/9999,Plavsic,Alexius,14/01/1965,250452,Senior Engineer
01/01/9999,Turnbull,Kish,27/01/1965,250748,Engineer
01/01/9999,Hooghiemstra,Hinrich,22/01/1965,251166,Staff
01/01/9999,Bernini,Yucel,07/01/1965,251233,Senior Engineer
01/01/9999,Impagliazzo,Pintsang,30/01/1965,251301,Senior Staff
01/01/9999,Kumaresan,Divier,11/01/1965,251341,Staff
01/01/9999,DuBourdieux,Utpal,01/01/1965,251403,Technique Leader
01/01/9999,Iwayama,Shichao,20/01/1965,251437,Engineer
01/01/9999,Tsunoo,Bezalel,06/01/1965,251645,Senior Staff
01/01/9999,Sommen,Moty,05/01/1965,251680,Senior Engineer
01/01/9999,Zockler,Mitsuyuki,01/01/1965,251814,Technique Leader
01/01/9999,Conta,Chaosheng,01/01/1965,252185,Engineer
01/01/9999,Niizuma,Gill,07/01/1965,252316,Engineer
01/01/9999,Peron,Sanjeeva,01/01/1965,252392,Senior Engineer
01/01/9999,Thimonier,Thodoros,13/01/1965,253029,Engineer
01/01/9999,Hainaut,Insup,05/01/1965,253707,Staff
01/01/9999,Terlouw,Stafford,28/01/1965,253838,Assistant Engineer
01/01/9999,Trystram,Huiqun,04/01/1965,253893,Senior Engineer
01/01/9999,Brendel,Gunilla,16/01/1965,254044,Senior Engineer
01/01/9999,Lores,Armond,24/01/1965,254399,Technique Leader
01/01/9999,Couchot,Tonny,24/01/1965,254821,Staff
01/01/9999,Roccetti,Huan,18/01/1965,255466,Senior Engineer
01/01/9999,Cyre,Oldrich,20/01/1965,255657,Senior Engineer
01/01/9999,Merle,Heejo,31/01/1965,255779,Technique Leader
01/01/9999,Brodal,Halsur,01/01/1965,256216,Engineer
01/01/9999,Barbanera,Hongzue,03/01/1965,256856,Senior Staff
01/01/9999,Jakobus,Ioana,03/01/1965,256881,Engineer
01/01/9999,Pehl,Heather,03/01/1965,256888,Staff
01/01/9999,Pardalos,Stabislas,24/01/1965,257062,Engineer
01/01/9999,Bernatsky,Pascal,06/01/1965,257378,Senior Staff
01/01/9999,Hanratty,Anyuan,22/01/1965,257469,Senior Staff
01/01/9999,Nicolson,Shaowei,01/01/1965,257484,Staff
01/01/9999,Reinhart,Mountaz,07/01/1965,258028,Engineer
01/01/9999,Zolotykh,Mariusz,17/01/1965,258124,Senior Staff
01/01/9999,Butner,Weiwu,04/01/1965,258470,Staff
01/01/9999,Esposito,Przemyslawa,11/01/1965,258643,Engineer
01/01/9999,Farrow,Xiaoqiang,12/01/1965,259042,Staff
01/01/9999,Gammage,Palash,27/01/1965,259237,Staff
01/01/9999,Gomatam,Xiahua,22/01/1965,259273,Senior Engineer
01/01/9999,Marrakchi,Shuichi,27/01/1965,259611,Senior Staff
01/01/9999,Magliocco,Conal,21/01/1965,259619,Senior Staff
01/01/9999,Bouloucos,Stepehn,24/01/1965,259718,Staff
01/01/9999,Baar,Mingdong,28/01/1965,260153,Technique Leader
01/01/9999,Beausoleil,Vugranam,22/01/1965,260249,Staff
01/01/9999,Rahier,Reinhold,25/01/1965,260361,Engineer
01/01/9999,Birsak,Hatem,30/01/1965,260399,Staff
01/01/9999,Brookner,Sasan,19/01/1965,260408,Senior Staff
01/01/9999,Pargas,Dzung,14/01/1965,260501,Technique Leader
01/01/9999,Kornatzky,Masako,30/01/1965,261184,Senior Engineer
01/01/9999,Huttel,Jianhua,08/01/1965,261631,Engineer
01/01/9999,Assaf,Berni,11/01/1965,261662,Senior Staff
01/01/9999,Lindqvist,Mark,23/01/1965,261737,Engineer
01/01/9999,Ramsak,Gila,21/01/1965,261986,Senior Engineer
01/01/9999,Czaja,Volkmar,16/01/1965,261990,Senior Staff
01/01/9999,Holburn,Mrinalini,16/01/1965,262208,Senior Staff
01/01/9999,Bottner,Chinho,22/01/1965,262210,Engineer
01/01/9999,Vural,Mayuko,03/01/1965,262328,Staff
01/01/9999,Lagarias,Lorien,30/01/1965,262439,Senior Staff
01/01/9999,Reutenauer,Tamiya,04/01/1965,262636,Senior Engineer
01/01/9999,Bierman,Pramod,04/01/1965,262752,Engineer
01/01/9999,Gill,Piyush,01/01/1965,262928,Engineer
01/01/9999,Buchter,Hideo,09/01/1965,263012,Staff
01/01/9999,Lowrie,Danny,22/01/1965,263186,Technique Leader
01/01/9999,Ranze,Shakhar,03/01/1965,263370,Staff
01/01/9999,Kabayashi,Atreye,09/01/1965,263439,Senior Engineer
01/01/9999,Lally,Mingsen,19/01/1965,263645,Senior Engineer
01/01/9999,Zongker,Mechthild,17/01/1965,263649,Senior Staff
01/01/9999,Schwartzbauer,Fusako,03/01/1965,263926,Senior Staff
01/01/9999,Solares,Zdislav,15/01/1965,264030,Engineer
01/01/9999,Tomescu,Baoqiu,25/01/1965,264167,Senior Engineer
01/01/9999,Swist,Leandro,03/01/1965,264322,Senior Staff
01/01/9999,Bakhtari,Noritoshi,13/01/1965,264626,Senior Staff
01/01/9999,Bahi,Bogdan,10/01/1965,264939,Senior Engineer
01/01/9999,Staudhammer,Navid,03/01/1965,265039,Senior Staff
01/01/9999,Salverda,Kensei,04/01/1965,265521,Senior Engineer
01/01/9999,Kleiser,Susuma,31/01/1965,265558,Staff
01/01/9999,Halloran,Miquel,15/01/1965,265794,Senior Staff
01/01/9999,Marsiglia,Fan,20/01/1965,265875,Engineer
01/01/9999,Anily,Zsolt,01/02/1965,266206,Senior Staff
01/01/9999,Nishimukai,Sumant,15/01/1965,266249,Senior Staff
01/01/9999,Serdy,Zvonko,23/01/1965,266310,Senior Staff
01/01/9999,Gubsky,Anwar,08/01/1965,266644,Senior Staff
01/01/9999,Plumb,Mart,10/01/1965,266862,Senior Staff
01/01/9999,Sabnani,Mokhtar,11/01/1965,266881,Senior Staff
01/01/9999,Tempesti,Moie,09/01/1965,267059,Senior Staff
01/01/9999,Tagansky,Susuma,10/01/1965,267227,Senior Engineer
01/01/9999,Axelband,Jordanka,06/01/1965,267304,Senior Staff
01/01/9999,Kaiserswerth,Irena,05/01/1965,267667,Staff
01/01/9999,Mikschl,Narain,28/01/1965,268043,Engineer
01/01/9999,Teitelbaum,LiMin,07/01/1965,268191,Senior Engineer
01/01/9999,Kragelund,Naftali,12/01/1965,269728,Staff
01/01/9999,Frolund,Ulises,11/01/1965,270084,Senior Staff
01/01/9999,Baer,Shunichi,19/01/1965,270716,Staff
01/01/9999,Zhang,Dannz,01/02/1965,270794,Senior Staff
01/01/9999,Kampfer,Taisook,10/01/1965,271106,Engineer
01/01/9999,Tyugu,Odoardo,16/01/1965,271219,Engineer
01/01/9999,Neiman,Tsutomu,13/01/1965,272141,Staff
01/01/9999,Mitchem,Gully,19/01/1965,272285,Staff
01/01/9999,Muhling,Surveyors,05/01/1965,272316,Engineer
01/01/9999,Isard,Mitsuyuki,10/01/1965,272452,Engineer
01/01/9999,Hegner,Holgard,16/01/1965,272599,Senior Staff
01/01/9999,Candan,Minghong,01/02/1965,272860,Assistant Engineer
01/01/9999,Hofmeyr,Divine,26/01/1965,273159,Technique Leader
01/01/9999,Asmuth,Brigham,26/01/1965,273286,Engineer
01/01/9999,Baba,Wayne,10/01/1965,273396,Engineer
01/01/9999,Beetstra,Hongzhu,01/01/1965,273806,Senior Staff
01/01/9999,Matzen,Gunilla,13/01/1965,273858,Senior Staff
01/01/9999,Weiland,Mingsen,01/01/1965,274071,Staff
01/01/9999,Ritcey,Prodip,10/01/1965,274271,Senior Staff
01/01/9999,Waymire,Ranga,29/01/1965,274369,Senior Staff
01/01/9999,Pettey,Yefim,10/01/1965,274813,Senior Staff
01/01/9999,Brandsma,Satyanarayana,07/01/1965,275158,Engineer
01/01/9999,Laventhal,Vojin,21/01/1965,275263,Engineer
01/01/9999,Leppanen,Limsoon,16/01/1965,275444,Engineer
01/01/9999,Yamaashi,Shen,13/01/1965,275495,Staff
01/01/9999,Heinisuo,Ayakannu,22/01/1965,275801,Senior Staff
01/01/9999,Munro,Jiann,08/01/1965,275881,Senior Engineer
01/01/9999,Prampolini,Uma,29/01/1965,275994,Engineer
01/01/9999,Stavenow,Holgard,04/01/1965,276027,Staff
01/01/9999,Swick,Mari,10/01/1965,276184,Senior Staff
01/01/9999,Vecchi,Sajjad,30/01/1965,276186,Senior Staff
01/01/9999,Klerer,Isaac,10/01/1965,276189,Senior Staff
01/01/9999,Randi,Atilio,27/01/1965,276445,Engineer
01/01/9999,Flanders,Hideyuki,27/01/1965,276472,Senior Engineer
01/01/9999,Solares,Gift,01/01/1965,276563,Senior Staff
01/01/9999,Sanella,Alois,19/01/1965,276868,Staff
01/01/9999,Rothenberg,Vitali,03/01/1965,277316,Senior Staff
01/01/9999,Kugler,Uzi,09/01/1965,277362,Senior Staff
01/01/9999,Schach,Rayond,16/01/1965,277420,Engineer
01/01/9999,Itzigehl,Herbert,27/01/1965,277777,Senior Engineer
01/01/9999,Fandrianto,Michaela,22/01/1965,277829,Senior Engineer
01/01/9999,Bottner,Boaz,19/01/1965,278239,Staff
01/01/9999,Poujol,Caolyn,15/01/1965,278386,Technique Leader
01/01/9999,Toyoshima,Sudhanshu,07/01/1965,278452,Staff
01/01/9999,Shobatake,Munenori,14/01/1965,278536,Senior Staff
01/01/9999,Werthner,Jaana,02/01/1965,278549,Staff
01/01/9999,Ghandeharizadeh,Jeanna,26/01/1965,278953,Senior Engineer
01/01/9999,DuCasse,Maren,05/01/1965,279115,Engineer
01/01/9999,Debuse,Niranjan,09/01/1965,279280,Engineer
01/01/9999,Lyonns,Chiranjit,10/01/1965,279791,Engineer
01/01/9999,Ebeling,Niteen,24/01/1965,280070,Staff
01/01/9999,Badache,Lenore,26/01/1965,280291,Staff
01/01/9999,Hofting,Jahangir,31/01/1965,280420,Senior Staff
01/01/9999,Herbst,Kish,13/01/1965,280525,Staff
01/01/9999,Lorys,Heeju,04/01/1965,280648,Senior Engineer
01/01/9999,Covnot,Zijian,08/01/1965,281570,Assistant Engineer
01/01/9999,Sommen,Khosrow,06/01/1965,281692,Senior Engineer
01/01/9999,Staylopatis,Parke,29/01/1965,281848,Engineer
01/01/9999,Papastamatiou,Masanao,17/01/1965,281859,Senior Engineer
01/01/9999,Shinomoto,Alper,16/01/1965,282191,Engineer
01/01/9999,Serdy,Nahla,25/01/1965,282333,Senior Staff
01/01/9999,Haldar,Xinglin,13/01/1965,282343,Senior Staff
01/01/9999,Codenie,Nahum,18/01/1965,282547,Engineer
01/01/9999,Lammel,Zijian,03/01/1965,282585,Staff
01/01/9999,Bellmore,Fay,05/01/1965,282894,Senior Engineer
01/01/9999,Mahmud,Ishfaq,22/01/1965,284300,Senior Staff
01/01/9999,Fujisawa,Pintsang,25/01/1965,284431,Staff
01/01/9999,Beznosov,Duri,03/01/1965,284561,Senior Engineer
01/01/9999,Redmiles,Oksana,15/01/1965,284687,Senior Engineer
01/01/9999,Ressouche,Theron,04/01/1965,284691,Engineer
01/01/9999,Azevdeo,Martijn,21/01/1965,284711,Senior Engineer
01/01/9999,Ranta,Gal,11/01/1965,284717,Senior Engineer
01/01/9999,Kobara,Moto,05/01/1965,284856,Engineer
01/01/9999,Hammerschmidt,Anneke,16/01/1965,284954,Engineer
01/01/9999,Kumaresan,Xiaocheng,02/01/1965,285164,Staff
01/01/9999,Kohling,Lena,27/01/1965,285396,Engineer
01/01/9999,Bage,Kellyn,09/01/1965,285905,Senior Staff
01/01/9999,Buescher,Arnould,02/01/1965,285906,Engineer
01/01/9999,Zaumen,Utpal,21/01/1965,286026,Staff
01/01/9999,Nanard,Jaques,28/01/1965,286029,Staff
01/01/9999,Seuren,Toshimitsu,06/01/1965,286370,Senior Staff
01/01/9999,Bierbaum,Behnaam,26/01/1965,286452,Engineer
01/01/9999,Nishimukai,Nahum,27/01/1965,286573,Senior Engineer
01/01/9999,Versino,Sigeru,24/01/1965,286779,Engineer
01/01/9999,Trelles,Woody,01/01/1965,286986,Senior Engineer
01/01/9999,Dengi,Steve,01/02/1965,287323,Staff
01/01/9999,Felder,Youjian,13/01/1965,287327,Senior Staff
01/01/9999,Speer,Elliott,05/01/1965,287334,Engineer
01/01/9999,Gihr,Shigeaki,01/01/1965,287482,Engineer
01/01/9999,Hockney,Jovan,18/01/1965,287583,Senior Engineer
01/01/9999,Negoita,Sailaja,06/01/1965,287609,Engineer
01/01/9999,Ranka,Aamod,23/01/1965,287713,Senior Staff
01/01/9999,Ozeki,Vidar,09/01/1965,287808,Technique Leader
01/01/9999,Munos,Randi,23/01/1965,287983,Senior Staff
01/01/9999,Kobuchi,Troy,09/01/1965,287984,Engineer
01/01/9999,Narwekar,Kauko,22/01/1965,288028,Engineer
01/01/9999,Heystek,Shay,25/01/1965,288142,Senior Staff
01/01/9999,Asmuth,Masoud,11/01/1965,288166,Staff
01/01/9999,Birjandi,Yifei,16/01/1965,288560,Senior Staff
01/01/9999,Gerlach,Cristinel,02/01/1965,288563,Engineer
01/01/9999,Swiss,Susumu,21/01/1965,288606,Staff
01/01/9999,Khasidashvili,Horward,31/01/1965,288665,Senior Engineer
01/01/9999,Rosenbaum,Bedrich,30/01/1965,288893,Engineer
01/01/9999,Narwekar,Bowen,20/01/1965,289454,Senior Engineer
01/01/9999,Maccarone,Fai,31/01/1965,289687,Staff
01/01/9999,Lemarechal,Soenke,04/01/1965,289807,Staff
01/01/9999,Vecchio,Hilari,09/01/1965,289909,Senior Staff
01/01/9999,Rindone,Zijian,22/01/1965,290009,Senior Staff
01/01/9999,Byoun,Boalin,15/01/1965,290075,Senior Staff
01/01/9999,Menhardt,Kwangjo,08/01/1965,290284,Engineer
01/01/9999,Collavizza,Gregory,25/01/1965,290441,Senior Staff
01/01/9999,Poulakidas,Shaowen,29/01/1965,290467,Senior Staff
01/01/9999,Sherertz,Tsvetan,03/01/1965,290478,Assistant Engineer
01/01/9999,Oxenboll,Shigehiro,09/01/1965,290563,Senior Engineer
01/01/9999,Blokdijk,Lalit,26/01/1965,290769,Senior Engineer
01/01/9999,Trelles,Danai,07/01/1965,291352,Technique Leader
01/01/9999,Gomatam,Siamak,30/01/1965,291612,Engineer
01/01/9999,Bach,Faiza,04/01/1965,291669,Engineer
01/01/9999,Showalter,Menkae,23/01/1965,292110,Engineer
01/01/9999,Pulkowski,Khatoun,09/01/1965,292146,Engineer
01/01/9999,Huhdanpaa,Masaru,17/01/1965,292210,Engineer
01/01/9999,Zultner,Hongzue,28/01/1965,292404,Senior Staff
01/01/9999,Bednarek,Georgi,27/01/1965,292504,Engineer
01/01/9999,Thummel,Bernd,04/01/1965,292515,Assistant Engineer
01/01/9999,Tokunaga,Ziya,10/01/1965,292828,Engineer
01/01/9999,Slaats,Hideyuki,12/01/1965,293080,Senior Staff
01/01/9999,Maliniak,Syozo,21/01/1965,293154,Senior Staff
01/01/9999,Steenbeek,Moti,24/01/1965,293280,Engineer
01/01/9999,Griswold,Fumiya,15/01/1965,293329,Engineer
01/01/9999,Litecky,Sanjay,25/01/1965,293746,Engineer
01/01/9999,Bail,Jungsoon,04/01/1965,293752,Senior Staff
01/01/9999,Ermel,Takanari,09/01/1965,294144,Senior Staff
01/01/9999,Fiebach,Marl,12/01/1965,294241,Senior Staff
01/01/9999,Ruemmler,Claudi,27/01/1965,294446,Staff
01/01/9999,Rosiles,Siddarth,14/01/1965,294461,Senior Engineer
01/01/9999,Candan,Ashish,04/01/1965,294527,Senior Staff
01/01/9999,Brodie,Hironobu,27/01/1965,294652,Senior Engineer
01/01/9999,Lammel,Vesna,28/01/1965,294791,Assistant Engineer
01/01/9999,Ozeri,Caolyn,15/01/1965,294857,Engineer
01/01/9999,Keirsey,Fun,01/01/1965,295030,Senior Staff
01/01/9999,Fujisawa,Kauko,24/01/1965,295236,Engineer
01/01/9999,Pfau,Xuejun,15/01/1965,295254,Senior Staff
01/01/9999,Bellone,Jacopo,04/01/1965,295255,Technique Leader
01/01/9999,Pews,Moon,22/01/1965,295262,Assistant Engineer
01/01/9999,Calkin,Eben,28/01/1965,295268,Senior Staff
01/01/9999,Barvinok,Val,04/01/1965,295278,Assistant Engineer
01/01/9999,Serot,Chiranjit,18/01/1965,295411,Staff
01/01/9999,Ciolek,Kankanahalli,17/01/1965,295857,Senior Staff
01/01/9999,Driscoll,Shaz,29/01/1965,296062,Staff
01/01/9999,Heyers,Mariangiola,28/01/1965,296303,Technique Leader
01/01/9999,Simmen,Charmane,03/01/1965,296428,Senior Staff
01/01/9999,Geffroy,Dipayan,31/01/1965,296664,Senior Engineer
01/01/9999,Spieker,Palash,02/01/1965,296687,Staff
01/01/9999,Bahl,Kamakshi,30/01/1965,296718,Senior Engineer
01/01/9999,Saoudi,Lokesh,16/01/1965,297232,Senior Staff
01/01/9999,Ratnakar,Cathie,12/01/1965,297431,Senior Staff
01/01/9999,Terkki,Irena,13/01/1965,297474,Staff
01/01/9999,Bahl,Marc,12/01/1965,297905,Assistant Engineer
01/01/9999,Fujisaki,Sailaja,13/01/1965,297954,Assistant Engineer
01/01/9999,Benzmuller,King,11/01/1965,298339,Senior Engineer
01/01/9999,Litecky,Florina,11/01/1965,298577,Senior Staff
01/01/9999,Syang,Zita,01/02/1965,298953,Staff
01/01/9999,Sichman,Fumitake,09/01/1965,299346,Senior Staff
01/01/9999,Itzfeldt,Luisa,21/01/1965,299580,Engineer
01/01/9999,Shobatake,Denny,15/01/1965,299718,Senior Staff
01/01/9999,Itzfeldt,Patricio,01/02/1965,299737,Staff
01/01/9999,Christ,Hilari,12/01/1965,400046,Senior Staff
01/01/9999,Jullig,Angus,31/01/1965,400358,Engineer
01/01/9999,Manders,Kamakshi,28/01/1965,400683,Staff
01/01/9999,Asser,Poornachandra,09/01/1965,400780,Engineer
01/01/9999,Halevi,Bodo,10/01/1965,400796,Engineer
01/01/9999,Kragelund,Danae,27/01/1965,401154,Senior Staff
01/01/9999,Schurmann,Oguz,16/01/1965,401278,Assistant Engineer
01/01/9999,Shokrollahi,Martins,30/01/1965,401333,Senior Engineer
01/01/9999,Uhrig,Florian,06/01/1965,401420,Senior Staff
01/01/9999,Falco,Yannik,13/01/1965,401574,Technique Leader
01/01/9999,Duclos,Shigehito,20/01/1965,402025,Engineer
01/01/9999,Granlund,Kersti,21/01/1965,402102,Engineer
01/01/9999,Janetzko,Subhada,04/01/1965,402664,Senior Engineer
01/01/9999,Rettelbach,Jeanna,17/01/1965,402718,Engineer
01/01/9999,Pollacia,Weidon,28/01/1965,402827,Staff
01/01/9999,Sluis,Toshimitsu,16/01/1965,403010,Senior Engineer
01/01/9999,Kaminger,Deborah,07/01/1965,403621,Senior Staff
01/01/9999,Hainaut,Krisda,19/01/1965,403644,Senior Staff
01/01/9999,Bratten,Jeanna,10/01/1965,403954,Engineer
01/01/9999,Babb,Valery,11/01/1965,404018,Senior Engineer
01/01/9999,Kakkar,Zengping,12/01/1965,404236,Senior Engineer
01/01/9999,Setlzner,Anestis,09/01/1965,404462,Engineer
01/01/9999,Spelt,Eberhardt,31/01/1965,404573,Staff
01/01/9999,Junet,Manu,13/01/1965,404755,Senior Staff
01/01/9999,Beausoleil,Basem,16/01/1965,404788,Engineer
01/01/9999,Fargier,Morris,02/01/1965,405015,Senior Staff
01/01/9999,Yurov,Yechezkel,26/01/1965,405063,Senior Engineer
01/01/9999,Portugali,Georgi,25/01/1965,406125,Technique Leader
01/01/9999,Tomescu,Marek,09/01/1965,406239,Senior Engineer
01/01/9999,Picco,Parviz,25/01/1965,406564,Engineer
01/01/9999,Ossenbruggen,Malu,01/02/1965,406714,Staff
01/01/9999,Crouzet,Alexius,24/01/1965,406847,Staff
01/01/9999,Raczkowsky,Tommaso,25/01/1965,407522,Staff
01/01/9999,Erez,Fei,01/02/1965,407837,Engineer
01/01/9999,Chleq,Shridhar,01/01/1965,408019,Assistant Engineer
01/01/9999,Ladret,Geoffrey,05/01/1965,408114,Engineer
01/01/9999,Sethi,Irene,21/01/1965,408163,Senior Engineer
01/01/9999,Daescu,Tsz,19/01/1965,408417,Staff
01/01/9999,Solares,Uno,29/01/1965,408437,Senior Staff
01/01/9999,Werthner,Mayuri,13/01/1965,408447,Senior Staff
01/01/9999,Cochrane,Yongqiao,09/01/1965,408654,Staff
01/01/9999,Claffy,Jolita,26/01/1965,408953,Senior Engineer
01/01/9999,Verspoor,Willard,06/01/1965,409391,Engineer
01/01/9999,Tsunoo,Dekang,15/01/1965,409798,Technique Leader
01/01/9999,Candan,Frazer,15/01/1965,409805,Senior Engineer
01/01/9999,Ishibashi,Divier,01/02/1965,409898,Senior Engineer
01/01/9999,McClurg,Xiadong,11/01/1965,410028,Staff
01/01/9999,Mitina,Duri,08/01/1965,410372,Engineer
01/01/9999,Riesenhuber,Kazuhisa,19/01/1965,410433,Senior Engineer
01/01/9999,Kalorkoti,Gudjon,18/01/1965,410616,Engineer
01/01/9999,Denos,Ronnie,17/01/1965,410804,Engineer
01/01/9999,Grabner,Koichi,06/01/1965,410881,Senior Engineer
01/01/9999,Brandsma,Otmar,29/01/1965,411070,Engineer
01/01/9999,Cangellaris,Martine,08/01/1965,411082,Engineer
01/01/9999,Barbanera,Goncalo,08/01/1965,411143,Senior Staff
01/01/9999,Jeansoulin,Mitsuyuki,15/01/1965,412404,Senior Engineer
01/01/9999,Peak,Leen,03/01/1965,412757,Engineer
01/01/9999,Taubenfeld,Hsiangchu,26/01/1965,413098,Senior Staff
01/01/9999,Prampolini,Mototsugu,09/01/1965,413205,Senior Staff
01/01/9999,Duclos,Remco,05/01/1965,413666,Senior Staff
01/01/9999,Ernst,Harjit,02/01/1965,413729,Technique Leader
01/01/9999,Grabner,Mohamadou,09/01/1965,413831,Staff
01/01/9999,Jahnichen,Marco,24/01/1965,413832,Senior Staff
01/01/9999,Msuda,Tadanori,31/01/1965,414027,Senior Engineer
01/01/9999,Kuhnemann,Wuxu,17/01/1965,414091,Engineer
01/01/9999,Anick,Bernd,03/01/1965,414543,Senior Engineer
01/01/9999,Copas,Elliott,22/01/1965,414551,Engineer
01/01/9999,Schneeberger,Ipke,21/01/1965,414662,Senior Engineer
01/01/9999,Delgrande,Chinho,06/01/1965,414714,Senior Staff
01/01/9999,Wielonsky,Dayanand,28/01/1965,414814,Staff
01/01/9999,Willoner,Juyoung,17/01/1965,414897,Senior Staff
01/01/9999,Peltason,Juyoung,03/01/1965,415187,Assistant Engineer
01/01/9999,Emmart,Shigeo,22/01/1965,415338,Assistant Engineer
01/01/9999,Shackell,Conal,19/01/1965,415363,Senior Staff
01/01/9999,Bierbaum,Mrinalini,21/01/1965,415563,Senior Engineer
01/01/9999,Lieberherr,Alain,08/01/1965,416074,Engineer
01/01/9999,Itschner,Nectarios,29/01/1965,416383,Engineer
01/01/9999,Heemskerk,Adamantios,22/01/1965,416420,Senior Staff
01/01/9999,Meriste,Kannan,15/01/1965,416492,Senior Engineer
01/01/9999,Luke,Nathalie,28/01/1965,416660,Engineer
01/01/9999,Xiaoshan,Tokuyasu,14/01/1965,416720,Senior Engineer
01/01/9999,Orsini,Gio,02/01/1965,416877,Staff
01/01/9999,Vandervoorde,Shooichi,03/01/1965,416892,Engineer
01/01/9999,Zaumen,Bouchung,03/01/1965,417435,Senior Staff
01/01/9999,Motley,Josyula,03/01/1965,418239,Senior Engineer
01/01/9999,Oppitz,Oscar,08/01/1965,418247,Staff
01/01/9999,Pusterhofer,Arvin,08/01/1965,418298,Senior Engineer
01/01/9999,Petereit,Danel,24/01/1965,418309,Engineer
01/01/9999,Gornas,Kazuhiko,02/01/1965,418380,Senior Engineer
01/01/9999,Snedden,Kazuhide,27/01/1965,418566,Senior Engineer
01/01/9999,Otillio,Michaela,11/01/1965,418606,Engineer
01/01/9999,Magliocco,Arunachalam,20/01/1965,418717,Staff
01/01/9999,Dalton,Ymte,01/02/1965,418860,Staff
01/01/9999,Broomell,Heon,15/01/1965,419099,Staff
01/01/9999,Orlowski,Ung,29/01/1965,419953,Staff
01/01/9999,Kitsuregawa,Susuma,27/01/1965,420086,Engineer
01/01/9999,Bolsens,Mariangiola,28/01/1965,420476,Staff
01/01/9999,Eastman,Mabhin,06/01/1965,420557,Staff
01/01/9999,Barbanera,Frazer,19/01/1965,420694,Senior Staff
01/01/9999,Morrin,Willard,06/01/1965,420732,Senior Staff
01/01/9999,Solovay,Raimond,04/01/1965,420759,Staff
01/01/9999,Krider,Shawna,17/01/1965,420765,Staff
01/01/9999,Erez,Khosrow,29/01/1965,420877,Staff
01/01/9999,Butner,Shigeaki,26/01/1965,421022,Senior Staff
01/01/9999,Randt,Garnik,14/01/1965,421033,Senior Staff
01/01/9999,Falster,Zhaofang,07/01/1965,421074,Senior Staff
01/01/9999,Bashian,Mariangiola,13/01/1965,421312,Engineer
01/01/9999,Bednarek,Renny,02/01/1965,421384,Staff
01/01/9999,Thiria,Shichao,03/01/1965,421755,Assistant Engineer
01/01/9999,Miara,Kenton,08/01/1965,422146,Engineer
01/01/9999,Uhrig,Jagoda,18/01/1965,422783,Engineer
01/01/9999,Strehl,Takushi,20/01/1965,423038,Senior Staff
01/01/9999,Stranks,Uma,08/01/1965,423204,Senior Staff
01/01/9999,Krone,Joydip,19/01/1965,423208,Engineer
01/01/9999,Tetzlaff,Tsutomu,31/01/1965,423214,Staff
01/01/9999,Lichtman,Constantijn,27/01/1965,423327,Staff
01/01/9999,Monarch,Heping,04/01/1965,423350,Senior Staff
01/01/9999,Tokunaga,Mariusz,30/01/1965,423633,Senior Engineer
01/01/9999,Kolvik,Seshu,01/01/1965,423993,Technique Leader
01/01/9999,Luff,Danco,14/01/1965,424569,Engineer
01/01/9999,Dredge,Kagan,01/02/1965,424584,Engineer
01/01/9999,Veevers,Changho,10/01/1965,424685,Senior Staff
01/01/9999,Itschner,Theron,19/01/1965,424797,Staff
01/01/9999,Zallocco,Jacqueline,24/01/1965,424805,Senior Staff
01/01/9999,Reeker,Xuejun,19/01/1965,424930,Staff
01/01/9999,Waleschkowski,Vasilis,11/01/1965,424984,Engineer
01/01/9999,Staudhammer,Moni,03/01/1965,425437,Engineer
01/01/9999,Vieri,Alagu,18/01/1965,425535,Staff
01/01/9999,Zumaque,Paddy,03/01/1965,425540,Senior Staff
01/01/9999,Jiang,Yongdong,18/01/1965,425757,Senior Staff
01/01/9999,Range,Paris,15/01/1965,425780,Senior Staff
01/01/9999,Conia,Guther,30/01/1965,425830,Engineer
01/01/9999,Kroft,Jahangir,19/01/1965,425875,Staff
01/01/9999,Luce,Shahaf,16/01/1965,426153,Senior Staff
01/01/9999,Mateescu,Kaijung,10/01/1965,426168,Senior Staff
01/01/9999,Badache,Supot,17/01/1965,426228,Engineer
01/01/9999,Rajala,Danco,31/01/1965,426235,Staff
01/01/9999,Broomell,Zejun,13/01/1965,426644,Senior Engineer
01/01/9999,Kawashima,Karsten,07/01/1965,426706,Engineer
01/01/9999,Lunn,Huican,07/01/1965,426795,Senior Staff
01/01/9999,Fendler,Gaurav,21/01/1965,426818,Senior Staff
01/01/9999,Kulisch,Sandeepan,13/01/1965,426819,Engineer
01/01/9999,Mawatari,Gopalakrishnan,25/01/1965,426824,Staff
01/01/9999,Viele,Weijing,19/01/1965,426958,Engineer
01/01/9999,Kemmerer,Utpal,31/01/1965,427313,Senior Staff
01/01/9999,Ramamoorthy,Mamdouh,13/01/1965,427320,Senior Engineer
01/01/9999,Hemaspaandra,Feiyu,20/01/1965,427332,Staff
01/01/9999,Ranta,Torsten,20/01/1965,427571,Engineer
01/01/9999,Navazio,Jaques,25/01/1965,427776,Staff
01/01/9999,Compeau,Haldun,21/01/1965,427805,Senior Staff
01/01/9999,Gecsei,Jaques,18/01/1965,427823,Staff
01/01/9999,Kieras,Adil,02/01/1965,427852,Senior Engineer
01/01/9999,Alpin,Ronghao,09/01/1965,428082,Staff
01/01/9999,Kalorkoti,Jamaludin,12/01/1965,428160,Staff
01/01/9999,Rosca,Hatsukazu,11/01/1965,428195,Senior Staff
01/01/9999,Androutsos,Ghassan,21/01/1965,428219,Senior Staff
01/01/9999,Billawala,Theron,23/01/1965,428917,Engineer
01/01/9999,Senzako,Hugh,27/01/1965,429087,Technique Leader
01/01/9999,Schmiedel,Kazuyasu,09/01/1965,429231,Senior Staff
01/01/9999,Luck,Mona,29/01/1965,429238,Senior Staff
01/01/9999,Wolniewicz,Alassane,28/01/1965,429249,Senior Engineer
01/01/9999,Hiraishi,Seshu,08/01/1965,429316,Senior Staff
01/01/9999,Roohalamini,Limsoon,06/01/1965,429381,Senior Staff
01/01/9999,Emmerich,Subhada,09/01/1965,429481,Engineer
01/01/9999,Francisci,Yongqiao,06/01/1965,429520,Engineer
01/01/9999,Vendrig,Bartek,25/01/1965,429532,Senior Staff
01/01/9999,Chappelet,Fumiya,03/01/1965,429569,Assistant Engineer
01/01/9999,Honglei,Ung,06/01/1965,429703,Senior Staff
01/01/9999,Marsiglia,Ranan,30/01/1965,429899,Staff
01/01/9999,Gladwell,Renny,26/01/1965,429954,Staff
01/01/9999,Setiz,Erzsebet,22/01/1965,430054,Engineer
01/01/9999,Roisin,Xiong,07/01/1965,430558,Engineer
01/01/9999,Lanzelotte,Janalee,19/01/1965,430593,Senior Staff
01/01/9999,Marsiglia,Kersti,17/01/1965,430631,Engineer
01/01/9999,Gien,Khalil,06/01/1965,430891,Senior Engineer
01/01/9999,Back,Masamitsu,06/01/1965,431576,Staff
01/01/9999,Thiran,Visit,31/01/1965,431657,Senior Engineer
01/01/9999,Varman,Hideo,21/01/1965,431882,Engineer
01/01/9999,Ranst,Poorav,05/01/1965,431887,Senior Engineer
01/01/9999,Matzat,Adamantios,11/01/1965,432031,Senior Staff
01/01/9999,Uehara,Arfst,24/01/1965,432034,Senior Staff
01/01/9999,Straney,Alair,06/01/1965,432121,Staff
01/01/9999,Hiltgen,Kwangjo,20/01/1965,432257,Engineer
01/01/9999,Bergere,Arve,30/01/1965,432261,Engineer
01/01/9999,Nollmann,Nitsan,19/01/1965,432399,Engineer
01/01/9999,Maquelin,Takahiro,21/01/1965,432523,Engineer
01/01/9999,Driscoll,Flemming,02/01/1965,432665,Engineer
01/01/9999,Ibel,Toshiko,16/01/1965,432787,Senior Engineer
01/01/9999,Birrer,Qunsheng,25/01/1965,432956,Senior Staff
01/01/9999,Montresor,Bojan,02/01/1965,433059,Staff
01/01/9999,Serna,Tomofumi,16/01/1965,433157,Staff
01/01/9999,Olivero,Make,01/02/1965,433260,Assistant Engineer
01/01/9999,Miyakawa,Keiichiro,06/01/1965,433438,Senior Staff
01/01/9999,Skogmar,Takushi,11/01/1965,434845,Senior Staff
01/01/9999,Rosis,Sahrah,15/01/1965,434936,Engineer
01/01/9999,Borstler,Brigham,10/01/1965,435042,Staff
01/01/9999,Lieblein,Moie,16/01/1965,435060,Staff
01/01/9999,Fiutem,Kazuhide,16/01/1965,435181,Senior Staff
01/01/9999,Schurmann,Feixiong,04/01/1965,435289,Staff
01/01/9999,Pramanik,Berthier,21/01/1965,435305,Staff
01/01/9999,Basart,Conal,16/01/1965,435370,Senior Staff
01/01/9999,Pepe,Genta,29/01/1965,435588,Senior Staff
01/01/9999,Kranzdorf,Dietrich,29/01/1965,435602,Staff
01/01/9999,Bharadwaj,Olivera,09/01/1965,435774,Senior Staff
01/01/9999,Speer,Hercules,07/01/1965,435791,Engineer
01/01/9999,Greibach,Subir,08/01/1965,436558,Senior Engineer
01/01/9999,Henders,Ohad,24/01/1965,436797,Senior Staff
01/01/9999,Limongiello,Wojceich,30/01/1965,436827,Senior Staff
01/01/9999,Haraldson,Feixiong,13/01/1965,436915,Staff
01/01/9999,DeMori,Dines,17/01/1965,437276,Senior Staff
01/01/9999,Biran,Kazuhide,01/02/1965,437369,Senior Staff
01/01/9999,Thambidurai,Sumant,21/01/1965,437395,Staff
01/01/9999,Luft,Erez,17/01/1965,437724,Staff
01/01/9999,Lorho,Kerhong,07/01/1965,437870,Staff
01/01/9999,Giaccio,Lena,01/01/1965,438038,Senior Staff
01/01/9999,Barreiro,Rasikan,19/01/1965,438264,Senior Staff
01/01/9999,Swist,Lidong,30/01/1965,438557,Engineer
01/01/9999,Plessier,Mari,28/01/1965,439377,Senior Engineer
01/01/9999,Levasseur,Kousuke,03/01/1965,439905,Staff
01/01/9999,Kisuki,Gunilla,30/01/1965,439924,Staff
01/01/9999,Sullins,Douadi,10/01/1965,440325,Senior Staff
01/01/9999,Rosti,Sandeepan,03/01/1965,440435,Senior Engineer
01/01/9999,Scharstein,Tzvetan,16/01/1965,440450,Senior Staff
01/01/9999,Kalsbeek,Snehasis,14/01/1965,440642,Staff
01/01/9999,Hasham,Filipp,01/01/1965,440870,Staff
01/01/9999,Usery,Fabrizio,18/01/1965,440937,Senior Staff
01/01/9999,Legleitner,Miquel,18/01/1965,441197,Senior Staff
01/01/9999,Collette,Chinho,10/01/1965,441536,Senior Engineer
01/01/9999,Marchegay,Leszek,03/01/1965,441954,Engineer
01/01/9999,Heijenga,Claudi,12/01/1965,441965,Senior Staff
01/01/9999,Baig,Ravishankar,03/01/1965,442002,Staff
01/01/9999,DiGiano,Martijn,15/01/1965,442096,Senior Engineer
01/01/9999,Cusworth,Zengping,05/01/1965,442312,Senior Engineer
01/01/9999,Luke,Navid,08/01/1965,442490,Engineer
01/01/9999,Hebden,Mona,04/01/1965,442653,Engineer
01/01/9999,Masada,Siddarth,06/01/1965,442700,Staff
01/01/9999,Gire,Aksel,07/01/1965,442898,Engineer
01/01/9999,Atrawala,Christfried,14/01/1965,443108,Senior Staff
01/01/9999,Klerer,Marke,23/01/1965,443485,Senior Staff
01/01/9999,Kading,Shaw,08/01/1965,443841,Senior Staff
01/01/9999,Ramsay,Vatsa,20/01/1965,443873,Senior Staff
01/01/9999,Skrikant,Heping,15/01/1965,444070,Staff
01/01/9999,Worfolk,Kousuke,28/01/1965,444099,Senior Staff
01/01/9999,Cesareni,Irena,27/01/1965,444208,Senior Staff
01/01/9999,Bultermann,Prasadram,13/01/1965,444465,Senior Engineer
01/01/9999,Rullman,Udi,03/01/1965,444487,Senior Engineer
01/01/9999,Schonegge,Berna,18/01/1965,444643,Staff
01/01/9999,Kawashima,Eldridge,28/01/1965,445067,Senior Engineer
01/01/9999,Peac,Heping,09/01/1965,445152,Senior Staff
01/01/9999,Baumann,Oscar,01/01/1965,445226,Senior Engineer
01/01/9999,Nations,Van,25/01/1965,445570,Technique Leader
01/01/9999,Roison,Gaurav,31/01/1965,445723,Senior Staff
01/01/9999,Dechter,Masako,11/01/1965,445941,Technique Leader
01/01/9999,Valtorta,Ebru,23/01/1965,445950,Engineer
01/01/9999,Cochrane,Fay,11/01/1965,446121,Staff
01/01/9999,Kabayashi,Hercules,22/01/1965,446306,Senior Engineer
01/01/9999,Nooteboom,DAIDA,16/01/1965,446424,Senior Engineer
01/01/9999,Dalton,Takahiro,22/01/1965,446897,Technique Leader
01/01/9999,Passino,Aram,29/01/1965,446959,Senior Engineer
01/01/9999,Miara,Dannz,17/01/1965,447018,Engineer
01/01/9999,Rouquie,Gennady,31/01/1965,447135,Senior Staff
01/01/9999,Schaaf,Aleksander,22/01/1965,447232,Staff
01/01/9999,Zongker,Kirk,07/01/1965,447376,Staff
01/01/9999,Kakkad,Stabislas,22/01/1965,447544,Senior Staff
01/01/9999,Restivo,Paris,15/01/1965,447613,Senior Engineer
01/01/9999,Heuser,Make,13/01/1965,447877,Senior Engineer
01/01/9999,Jeong,Martijn,11/01/1965,447931,Senior Staff
01/01/9999,Hebert,Kamakshi,05/01/1965,447966,Engineer
01/01/9999,Baezner,Shiv,25/01/1965,447982,Senior Engineer
01/01/9999,Vilarrasa,Shiv,05/01/1965,447999,Senior Engineer
01/01/9999,Dichev,Mong,18/01/1965,448769,Technique Leader
01/01/9999,Talmor,Mart,16/01/1965,448900,Staff
01/01/9999,Arlazarov,Chiradeep,23/01/1965,448918,Engineer
01/01/9999,Syang,Haldun,12/01/1965,448994,Staff
01/01/9999,Bernatsky,Jahangir,30/01/1965,449189,Senior Staff
01/01/9999,Quittner,Fumitaka,27/01/1965,449815,Senior Staff
01/01/9999,Perin,Hinrich,01/02/1965,449984,Engineer
01/01/9999,Henseler,Selwyn,11/01/1965,450184,Senior Engineer
01/01/9999,Waymire,Udo,31/01/1965,450255,Technique Leader
01/01/9999,Orlowska,Gill,08/01/1965,450309,Technique Leader
01/01/9999,Bahl,Saeed,21/01/1965,450475,Senior Staff
01/01/9999,Frolund,DAIDA,10/01/1965,450817,Senior Engineer
01/01/9999,Rande,Sedat,03/01/1965,450888,Staff
01/01/9999,Raoux,Chanjung,23/01/1965,450934,Senior Engineer
01/01/9999,Ponthieu,Yuriy,18/01/1965,450936,Senior Staff
01/01/9999,Ozeri,Jaihie,15/01/1965,451253,Senior Staff
01/01/9999,Krohm,Jacopo,02/01/1965,451272,Engineer
01/01/9999,Isard,Bedrich,25/01/1965,451275,Senior Staff
01/01/9999,Bonifati,Radhika,15/01/1965,451333,Senior Staff
01/01/9999,Miake,Subir,15/01/1965,452137,Engineer
01/01/9999,Esposito,Arra,22/01/1965,452206,Staff
01/01/9999,Berstel,Taiji,14/01/1965,452325,Engineer
01/01/9999,Brattka,Shigeichiro,07/01/1965,452347,Senior Staff
01/01/9999,Gadepally,Fei,05/01/1965,452365,Assistant Engineer
01/01/9999,Thombley,Gou,17/01/1965,452956,Senior Engineer
01/01/9999,Nanard,Alair,03/01/1965,452957,Staff
01/01/9999,Aloia,Lobel,29/01/1965,452982,Senior Staff
01/01/9999,Rosenbaum,Aran,06/01/1965,453070,Senior Staff
01/01/9999,Lally,Gao,03/01/1965,453154,Staff
01/01/9999,Takkinen,Berni,07/01/1965,453644,Senior Staff
01/01/9999,Leslie,Chinya,24/01/1965,453688,Engineer
01/01/9999,Kohling,Arne,15/01/1965,453723,Senior Engineer
01/01/9999,Rajala,Ewing,13/01/1965,453760,Staff
01/01/9999,Keirsey,Fai,11/01/1965,453790,Engineer
01/01/9999,Perng,Stein,23/01/1965,453913,Senior Staff
01/01/9999,Georg,Mohammed,24/01/1965,454338,Engineer
01/01/9999,Ossenbruggen,Gina,06/01/1965,454378,Technique Leader
01/01/9999,Ermel,Nechama,24/01/1965,454736,Engineer
01/01/9999,Pietracaprina,Xiaoqiu,22/01/1965,454791,Senior Engineer
01/01/9999,Schusler,Kamakshi,02/01/1965,454825,Engineer
01/01/9999,Picht,Mohan,01/01/1965,454994,Engineer
01/01/9999,Zaumen,Soenke,14/01/1965,455175,Senior Staff
01/01/9999,Baig,Luisa,09/01/1965,455284,Engineer
01/01/9999,Kriebel,Qiwen,08/01/1965,455726,Senior Staff
01/01/9999,DuCasse,Giao,28/01/1965,455814,Engineer
01/01/9999,Angelopoulos,Peer,01/01/1965,455914,Engineer
01/01/9999,Schreiter,Tetsurou,24/01/1965,456767,Senior Staff
01/01/9999,Dratva,Shounak,07/01/1965,456982,Senior Engineer
01/01/9999,Plavsic,Gay,25/01/1965,457070,Senior Staff
01/01/9999,Heyers,Jinpo,20/01/1965,457146,Staff
01/01/9999,Lakshmanan,Sorina,15/01/1965,457305,Staff
01/01/9999,Beidas,Xumin,31/01/1965,457337,Technique Leader
01/01/9999,Peck,Xudong,13/01/1965,457411,Senior Engineer
01/01/9999,Ranst,Berna,24/01/1965,457489,Senior Engineer
01/01/9999,Krogh,Indrajit,09/01/1965,457611,Engineer
01/01/9999,Siepmann,Florian,15/01/1965,457776,Senior Engineer
01/01/9999,Gargeya,Foong,28/01/1965,457813,Engineer
01/01/9999,Zielinski,Jackson,01/02/1965,457832,Senior Engineer
01/01/9999,Picco,Arch,14/01/1965,457938,Senior Staff
01/01/9999,Tramer,Florian,23/01/1965,458111,Engineer
01/01/9999,Standera,Thanasis,11/01/1965,458134,Senior Staff
01/01/9999,Atchley,George,28/01/1965,458191,Staff
01/01/9999,Foote,Mabhin,06/01/1965,458383,Engineer
01/01/9999,Kitai,Shahaf,13/01/1965,458726,Staff
01/01/9999,Azadmanesh,Ramya,17/01/1965,458790,Senior Engineer
01/01/9999,Rissanen,Val,19/01/1965,459172,Engineer
01/01/9999,Wendorf,Pramod,21/01/1965,459356,Engineer
01/01/9999,Verhaegen,Mohit,14/01/1965,459429,Staff
01/01/9999,Goldhammer,Hirochika,01/02/1965,459685,Engineer
01/01/9999,Hambrick,Adly,16/01/1965,460131,Staff
01/01/9999,Gihr,Munehiko,16/01/1965,460691,Senior Staff
01/01/9999,Lanteri,Yoshinari,07/01/1965,460707,Engineer
01/01/9999,Mitzlaff,Remzi,22/01/1965,460920,Senior Staff
01/01/9999,Gelosh,Shietung,18/01/1965,461120,Senior Engineer
01/01/9999,Mawatari,Mrinalini,10/01/1965,461270,Staff
01/01/9999,Cooman,Sumali,03/01/1965,461801,Senior Staff
01/01/9999,Gerlach,Paloma,12/01/1965,462493,Senior Engineer
01/01/9999,Cummings,Somnath,05/01/1965,462795,Senior Staff
01/01/9999,Penn,Itzchak,06/01/1965,463023,Staff
01/01/9999,Schmiedel,Jinxi,15/01/1965,463099,Senior Staff
01/01/9999,Rossi,Ramya,09/01/1965,463212,Senior Engineer
01/01/9999,Sethi,Jaber,11/01/1965,463472,Technique Leader
01/01/9999,Barriga,Alenka,28/01/1965,463495,Senior Staff
01/01/9999,Henders,Huiqun,20/01/1965,464284,Senior Staff
01/01/9999,Nyrup,Abdelghani,22/01/1965,464303,Staff
01/01/9999,Gist,Stafford,29/01/1965,465062,Engineer
01/01/9999,Ghelli,Tokuyasu,19/01/1965,465076,Engineer
01/01/9999,Gunderson,Vidar,18/01/1965,465085,Senior Staff
01/01/9999,Varman,Shahid,30/01/1965,465409,Senior Staff
01/01/9999,Gire,Mrinalini,05/01/1965,465501,Senior Staff
01/01/9999,Frijda,Lakshmi,06/01/1965,465711,Engineer
01/01/9999,Kampfer,Kwan,01/01/1965,465853,Staff
01/01/9999,Picht,Herb,12/01/1965,465874,Assistant Engineer
01/01/9999,Danlos,Temple,31/01/1965,466064,Senior Staff
01/01/9999,Strandh,Hiroyasu,05/01/1965,466367,Senior Staff
01/01/9999,Verhoeff,Bezalel,26/01/1965,466509,Engineer
01/01/9999,Nourani,Yechezkel,23/01/1965,466603,Senior Staff
01/01/9999,Birsak,Boalin,26/01/1965,466745,Staff
01/01/9999,Borovoy,Przemyslawa,05/01/1965,467176,Staff
01/01/9999,Lambe,Nahum,18/01/1965,467269,Technique Leader
01/01/9999,Rikino,Mariusz,07/01/1965,467392,Senior Engineer
01/01/9999,Bondorf,Margareta,13/01/1965,467441,Engineer
01/01/9999,Hennebert,Kiyotoshi,17/01/1965,467591,Staff
01/01/9999,Chandrasekhar,Sivanarayana,02/01/1965,467886,Senior Staff
01/01/9999,Skrikant,Tsuneo,03/01/1965,467918,Staff
01/01/9999,Saoudi,Huei,12/01/1965,468360,Technique Leader
01/01/9999,Huhdanpaa,Kamakshi,25/01/1965,468417,Engineer
01/01/9999,Lemarechal,Ranga,18/01/1965,468659,Engineer
01/01/9999,Brookner,Baziley,27/01/1965,468773,Engineer
01/01/9999,Comellas,Nadjib,21/01/1965,469104,Senior Engineer
01/01/9999,Basawa,Baruch,17/01/1965,469253,Engineer
01/01/9999,Codenie,Weiyi,23/01/1965,469269,Senior Engineer
01/01/9999,Wilfing,Aiman,12/01/1965,469366,Engineer
01/01/9999,Ruemmler,Hongzhu,25/01/1965,469399,Engineer
01/01/9999,Ibel,Halsur,24/01/1965,469527,Staff
01/01/9999,Rikino,Neven,07/01/1965,469529,Engineer
01/01/9999,Stranks,Arif,30/01/1965,469735,Senior Engineer
01/01/9999,Jonsson,Hein,23/01/1965,469867,Senior Staff
01/01/9999,Oehlmann,Reuven,13/01/1965,470456,Senior Staff
01/01/9999,Staudhammer,Zhiguo,01/02/1965,470472,Engineer
01/01/9999,Zirintsis,Nigel,01/02/1965,471397,Engineer
01/01/9999,Decleir,Feiyu,17/01/1965,471532,Technique Leader
01/01/9999,Lortz,Basem,22/01/1965,471552,Staff
01/01/9999,Zaccaria,Arun,14/01/1965,471911,Engineer
01/01/9999,Marshall,Kazuhiko,27/01/1965,471939,Staff
01/01/9999,Chinal,Godehard,26/01/1965,472052,Assistant Engineer
01/01/9999,Sommen,Yahiko,25/01/1965,472143,Senior Staff
01/01/9999,Gubsky,Jungsoon,31/01/1965,472238,Senior Engineer
01/01/9999,Ibel,Zhenbing,23/01/1965,472790,Senior Engineer
01/01/9999,Fordan,Weidon,29/01/1965,472950,Senior Engineer
01/01/9999,Sgarro,Hugo,01/01/1965,473268,Senior Staff
01/01/9999,Penn,Khaled,12/01/1965,473299,Senior Staff
01/01/9999,Reeker,Pantung,06/01/1965,473490,Senior Staff
01/01/9999,Majewski,Avishai,16/01/1965,473940,Engineer
01/01/9999,Eugenio,Sugwoo,29/01/1965,474331,Senior Staff
01/01/9999,Clouatre,Mayuko,07/01/1965,474763,Engineer
01/01/9999,Shackel,Zongyan,10/01/1965,474796,Technique Leader
01/01/9999,Snedden,Genevieve,31/01/1965,475087,Senior Engineer
01/01/9999,Feinberg,Fumiyo,10/01/1965,475258,Staff
01/01/9999,Leaver,Christophe,15/01/1965,475538,Staff
01/01/9999,Lanteri,Shigeaki,14/01/1965,475938,Engineer
01/01/9999,Pietracaprina,Rimon,02/01/1965,475965,Engineer
01/01/9999,Schlumberger,Girolamo,03/01/1965,476055,Staff
01/01/9999,Spieker,Khun,04/01/1965,476122,Engineer
01/01/9999,Binkley,Reinhold,31/01/1965,476327,Senior Engineer
01/01/9999,Preusig,Doohun,09/01/1965,476361,Technique Leader
01/01/9999,Vigier,Terresa,01/01/1965,477350,Staff
01/01/9999,Paludetto,Marit,23/01/1965,477578,Engineer
01/01/9999,Mundy,Bluma,18/01/1965,477969,Engineer
01/01/9999,Narahara,Fumino,06/01/1965,478007,Senior Engineer
01/01/9999,Schoegge,Doowon,22/01/1965,478170,Engineer
01/01/9999,Erol,Djenana,02/01/1965,478218,Engineer
01/01/9999,Bale,Yuichiro,15/01/1965,478439,Technique Leader
01/01/9999,Katzenelson,Arun,03/01/1965,478768,Engineer
01/01/9999,Borovoy,Shaw,18/01/1965,478799,Senior Staff
01/01/9999,Valiente,Pradeep,30/01/1965,478833,Engineer
01/01/9999,Perna,Hidekazu,20/01/1965,478858,Staff
01/01/9999,Kalorkoti,Ewing,03/01/1965,479024,Engineer
01/01/9999,Tomescu,Randi,18/01/1965,479407,Assistant Engineer
01/01/9999,Bahi,Kayoko,19/01/1965,479601,Staff
01/01/9999,Murrill,Masamitsu,06/01/1965,479695,Senior Staff
01/01/9999,Georg,Sukumar,26/01/1965,480035,Senior Staff
01/01/9999,Menhardt,Suebskul,31/01/1965,480066,Engineer
01/01/9999,Rahier,Uinam,03/01/1965,480178,Staff
01/01/9999,Cheshire,Gaurav,18/01/1965,480268,Technique Leader
01/01/9999,Bennis,Deniz,01/01/1965,480407,Engineer
01/01/9999,Burnard,Weiru,16/01/1965,481050,Staff
01/01/9999,Haldar,Shigehiro,08/01/1965,481213,Senior Staff
01/01/9999,Chelton,Luisa,31/01/1965,481397,Assistant Engineer
01/01/9999,Marrakchi,Teiji,27/01/1965,481764,Senior Engineer
01/01/9999,Erie,Haldun,22/01/1965,481790,Senior Engineer
01/01/9999,Peck,Kwangyoen,26/01/1965,482335,Engineer
01/01/9999,Zockler,Jayson,23/01/1965,482354,Staff
01/01/9999,Conia,Jouni,03/01/1965,482755,Senior Staff
01/01/9999,Brizzi,Shaunak,29/01/1965,482885,Senior Engineer
01/01/9999,Hebden,Aral,16/01/1965,482905,Senior Staff
01/01/9999,Journel,Duke,26/01/1965,482944,Senior Staff
01/01/9999,Pokrovskii,Rosita,10/01/1965,483401,Senior Staff
01/01/9999,Kamber,Hausi,22/01/1965,483675,Engineer
01/01/9999,Mitchem,Marek,22/01/1965,483825,Senior Engineer
01/01/9999,Kavanagh,Sham,03/01/1965,483838,Assistant Engineer
01/01/9999,Tanemo,Dung,24/01/1965,483978,Senior Staff
01/01/9999,Lueh,Manton,05/01/1965,484126,Senior Staff
01/01/9999,Cooman,Perry,05/01/1965,484142,Senior Staff
01/01/9999,Hammerschmidt,Herbert,26/01/1965,484498,Engineer
01/01/9999,Ruemmler,Phule,16/01/1965,484756,Senior Engineer
01/01/9999,Parhami,Gladys,14/01/1965,485253,Senior Staff
01/01/9999,Armand,Keiichiro,01/01/1965,485489,Senior Engineer
01/01/9999,Menhoudj,Rafael,30/01/1965,485577,Senior Engineer
01/01/9999,Iwayama,Munehiro,18/01/1965,485579,Engineer
01/01/9999,Litvinov,Yoshimitsu,27/01/1965,485799,Senior Staff
01/01/9999,Bolotov,Mahmut,29/01/1965,485817,Engineer
01/01/9999,Bernardeschi,Yefim,11/01/1965,486068,Staff
01/01/9999,Siochi,Geoffrey,05/01/1965,486808,Senior Engineer
01/01/9999,Remmers,Yagil,18/01/1965,486918,Senior Staff
01/01/9999,Ruemmler,Matt,01/01/1965,486956,Engineer
01/01/9999,Kropf,Tonny,06/01/1965,486958,Engineer
01/01/9999,Raney,Zhigen,22/01/1965,487008,Senior Staff
01/01/9999,Jayawardene,Uno,20/01/1965,487505,Senior Staff
01/01/9999,Schaft,Ekawit,05/01/1965,487988,Staff
01/01/9999,Hegner,Francoise,24/01/1965,488095,Senior Staff
01/01/9999,Narlikar,Denis,05/01/1965,488142,Senior Staff
01/01/9999,Tsunoo,Kensyu,30/01/1965,488482,Engineer
01/01/9999,Maquelin,Breannda,22/01/1965,488540,Senior Staff
01/01/9999,Bennis,Georgy,25/01/1965,488619,Engineer
01/01/9999,Zultner,Jiong,27/01/1965,488693,Senior Engineer
01/01/9999,Remmers,Mihalis,16/01/1965,488707,Staff
01/01/9999,Baja,Nimmagadda,23/01/1965,488752,Staff
01/01/9999,Garigliano,Wuxu,12/01/1965,488788,Staff
01/01/9999,Junet,Kendra,18/01/1965,488984,Senior Staff
01/01/9999,Chorvat,Matk,14/01/1965,489755,Staff
01/01/9999,Miculan,Kersti,01/01/1965,489756,Senior Staff
01/01/9999,Janetzko,Satoru,28/01/1965,489928,Assistant Engineer
01/01/9999,Lindqvist,Lalit,01/01/1965,490551,Engineer
01/01/9999,Vigier,Luise,27/01/1965,490557,Engineer
01/01/9999,Reistad,Zita,01/01/1965,490568,Senior Engineer
01/01/9999,Samarati,Younwoo,19/01/1965,490720,Senior Engineer
01/01/9999,Keirsey,Kwangsub,06/01/1965,491079,Senior Engineer
01/01/9999,Hempstead,Panayotis,14/01/1965,491162,Senior Engineer
01/01/9999,Varman,Gill,16/01/1965,491478,Senior Staff
01/01/9999,Pargas,Charmane,21/01/1965,491596,Senior Engineer
01/01/9999,Perly,Gadiel,01/01/1965,491632,Staff
01/01/9999,Cools,Valeska,10/01/1965,492000,Staff
01/01/9999,Ratnakar,Udo,11/01/1965,492052,Staff
01/01/9999,Verhaegen,Heekeun,16/01/1965,492217,Senior Engineer
01/01/9999,Porenta,Sanjoy,30/01/1965,492639,Engineer
01/01/9999,McAffer,Goetz,26/01/1965,492677,Engineer
01/01/9999,Jakobus,Hironoby,23/01/1965,493031,Staff
01/01/9999,Berztiss,Muzhong,31/01/1965,493048,Staff
01/01/9999,Msuda,Sachem,31/01/1965,493096,Engineer
01/01/9999,Kropatsch,Leni,14/01/1965,493744,Senior Engineer
01/01/9999,Iisaku,Morrie,16/01/1965,494019,Staff
01/01/9999,Dahlbom,Phule,10/01/1965,494088,Engineer
01/01/9999,Koprowski,Masasuke,10/01/1965,494493,Staff
01/01/9999,Pouyioutas,Yongmao,04/01/1965,494995,Senior Staff
01/01/9999,Reinhard,Pranjal,07/01/1965,496100,Staff
01/01/9999,Maquelin,Giordano,03/01/1965,496970,Senior Engineer
01/01/9999,Debuse,Danco,30/01/1965,496978,Senior Staff
01/01/9999,Adachi,Oldrich,23/01/1965,497007,Senior Engineer
01/01/9999,Bressoud,Sanjiv,02/01/1965,497174,Senior Engineer
01/01/9999,Keohane,Fayez,06/01/1965,497340,Senior Staff
01/01/9999,Lieblein,Paris,30/01/1965,497391,Engineer
01/01/9999,Laurillard,Shuho,29/01/1965,497835,Technique Leader
01/01/9999,Marciano,Caolyn,19/01/1965,498185,Senior Engineer
01/01/9999,Docker,Naraig,30/01/1965,498337,Staff
01/01/9999,Gerteisen,Geraldo,17/01/1965,498456,Staff
01/01/9999,Pezzoli,Florian,09/01/1965,498635,Senior Staff
01/01/9999,Ciolek,Sanjay,16/01/1965,498838,Senior Staff
01/01/9999,Pelc,Arumugam,09/01/1965,498845,Senior Engineer
01/01/9999,Kandlur,Nechama,13/01/1965,498955,Engineer
01/01/9999,Delgrange,Padma,29/01/1965,499194,Senior Staff
01/01/9999,Honglei,Danae,11/01/1965,499260,Engineer
01/01/9999,Kakkar,Baoqiu,14/01/1965,499495,Engineer
